invoice_id,branch,city,gender,product_line,unit_price,quantity,tax_5_percents,total,month,day,year,hours,minutes,payment,cogs,gross_margin_percentage,gross_income,rating,customer_type
848-62-7243,0,2,1,3,24.89,9,11.2005,235.2105,3,15,2019,15,36,0,224.01,4.761904762,11.2005,7.4,0
583-41-4548,2,1,1,4,16.67,7,5.8345,122.5245,2,7,2019,11,36,2,116.69,4.761904762,5.8345,7.4,0
800-09-8606,0,2,0,4,87.37,5,21.8425,458.6925,1,29,2019,19,45,0,436.85,4.761904762,21.8425,6.6,1
283-26-5248,2,1,0,2,98.52,10,49.26,1034.46,1,30,2019,20,23,2,985.2,4.761904762,49.26,4.5,1
288-62-1085,0,2,1,1,38.54,5,9.635,202.335,1,9,2019,13,34,2,192.7,4.761904762,9.635,5.6,1
152-68-2907,0,2,1,2,52.2,3,7.83,164.43,2,15,2019,13,30,1,156.6,4.761904762,7.83,9.5,0
505-02-0892,1,0,1,3,42.57,8,17.028,357.588,2,25,2019,14,12,2,340.56,4.761904762,17.028,5.6,1
777-67-2495,1,0,1,4,68.97,3,10.3455,217.2555,2,22,2019,11,26,2,206.91,4.761904762,10.3455,8.7,0
632-32-4574,1,0,1,5,75.92,8,30.368,637.7280000000002,3,20,2019,14,14,0,607.36,4.761904762,30.368,5.5,0
109-86-4363,1,0,0,5,60.08,7,21.028,441.588,2,14,2019,11,36,1,420.56,4.761904762,21.028,4.5,1
877-22-3308,0,2,1,3,15.87,10,7.935,166.635,3,13,2019,16,40,0,158.7,4.761904762,7.935,5.8,1
280-17-4359,2,1,1,3,90.5,10,45.25,950.25,1,25,2019,13,48,0,905.0,4.761904762,45.25,8.1,1
226-34-0034,1,0,0,0,13.78,4,2.756,57.87600000000001,1,10,2019,11,10,2,55.12,4.761904762,2.756,9.0,0
760-53-9233,0,2,1,1,41.28,3,6.192,130.032,3,26,2019,18,37,1,123.84,4.761904762,6.192,8.5,1
169-52-4504,0,2,0,0,15.69,3,2.3535,49.4235,3,14,2019,14,13,1,47.07,4.761904762,2.3535,5.8,0
634-97-8956,0,2,1,2,32.9,3,4.935,103.635,2,17,2019,17,27,1,98.7,4.761904762,4.935,9.1,0
714-02-3114,2,1,0,5,98.8,2,9.88,207.48,2,21,2019,11,39,0,197.6,4.761904762,9.88,7.7,0
785-13-7708,1,0,1,2,73.06,7,25.571,536.991,1,14,2019,19,6,1,511.42,4.761904762,25.571,4.2,0
851-98-3555,1,0,0,3,82.88,5,20.72,435.12,3,24,2019,14,8,1,414.4,4.761904762,20.72,6.6,0
760-27-5490,2,1,1,1,15.62,8,6.247999999999998,131.208,1,20,2019,20,37,2,124.96,4.761904762,6.247999999999998,9.1,0
411-77-0180,0,2,1,0,72.2,7,25.27,530.67,3,26,2019,20,14,2,505.4,4.761904762,25.27,4.3,1
238-45-6950,1,0,1,2,53.72,1,2.6860000000000004,56.40600000000001,3,1,2019,20,3,2,53.72,4.761904762,2.6860000000000004,6.4,1
883-69-1285,1,0,1,1,49.92,2,4.992,104.832,3,6,2019,11,55,1,99.84,4.761904762,4.992,7.0,1
574-22-5561,2,1,0,1,82.63,10,41.315,867.615,3,19,2019,17,8,2,826.3,4.761904762,41.315,7.9,1
781-84-8059,2,1,1,1,60.74,7,21.259,446.439,1,18,2019,16,23,2,425.18,4.761904762,21.259,5.0,0
631-41-3108,0,2,1,4,46.33,7,16.2155,340.5255,3,3,2019,13,23,1,324.31,4.761904762,16.2155,7.4,0
841-18-8232,1,0,0,2,71.2,1,3.56,74.76,1,5,2019,20,40,1,71.2,4.761904762,3.56,9.2,0
860-79-0874,2,1,0,1,99.3,10,49.65,1042.65,2,15,2019,14,53,1,993.0,4.761904762,49.65,6.6,1
545-07-8534,2,1,0,3,58.32,2,5.832000000000002,122.472,2,14,2019,12,42,2,116.64,4.761904762,5.832000000000002,6.0,0
339-12-4827,1,0,0,1,73.96,1,3.698,77.658,1,5,2019,11,32,1,73.96,4.761904762,3.698,5.0,1
150-89-8043,0,2,1,5,44.65,3,6.6975,140.6475,2,14,2019,15,4,0,133.95,4.761904762,6.6975,6.2,0
652-49-6720,2,1,0,0,60.95,1,3.0475,63.9975,2,18,2019,11,40,2,60.95,4.761904762,3.0475,5.9,1
246-11-3901,2,1,0,0,32.8,10,16.4,344.4,2,15,2019,12,12,0,328.0,4.761904762,16.4,6.2,0
339-96-8318,1,0,1,1,81.31,7,28.4585,597.6285,3,1,2019,19,49,2,569.17,4.761904762,28.4585,6.3,1
595-11-5460,0,2,1,3,96.58,2,9.658,202.818,3,15,2019,10,12,1,193.16,4.761904762,9.658,5.1,0
149-71-6266,1,0,1,5,78.07,9,35.1315,737.7615,1,28,2019,12,43,0,702.63,4.761904762,35.1315,4.5,1
545-46-3100,1,0,0,0,10.59,3,1.5885,33.3585,3,12,2019,13,52,1,31.77,4.761904762,1.5885,8.7,1
364-34-2972,2,1,1,0,96.82,3,14.523,304.983,3,30,2019,20,37,0,290.46,4.761904762,14.523,6.7,1
286-43-6208,2,1,0,2,87.8,9,39.51,829.71,3,16,2019,19,8,0,790.2,4.761904762,39.51,9.2,0
442-48-3607,0,2,1,2,23.48,2,2.3480000000000003,49.308,3,14,2019,11,21,1,46.96,4.761904762,2.3480000000000003,7.9,1
123-19-1176,0,2,1,3,58.22,8,23.288,489.048,1,27,2019,20,33,2,465.76,4.761904762,23.288,8.4,1
394-43-4238,1,0,1,4,17.77,5,4.4425,93.2925,2,15,2019,12,42,1,88.85,4.761904762,4.4425,5.4,1
503-07-0930,2,1,1,5,58.39,7,20.4365,429.1665,2,23,2019,19,49,1,408.73,4.761904762,20.4365,8.2,1
401-09-4232,2,1,1,4,86.69,5,21.6725,455.1225,2,11,2019,18,38,2,433.45,4.761904762,21.6725,9.4,1
286-01-5402,0,2,0,5,40.23,7,14.0805,295.6905,3,30,2019,13,22,0,281.61,4.761904762,14.0805,9.6,0
861-77-0145,2,1,1,0,81.97,10,40.985,860.685,3,3,2019,14,30,0,819.7,4.761904762,40.985,9.2,1
286-75-7818,1,0,1,1,69.08,2,6.908,145.06799999999996,1,31,2019,19,48,1,138.16,4.761904762,6.908,6.9,0
381-20-0914,0,2,0,1,20.01,9,9.0045,189.0945,1,12,2019,15,48,1,180.09,4.761904762,9.0045,5.7,1
360-39-5055,2,1,1,5,48.91,5,12.2275,256.7775,3,9,2019,10,17,0,244.55,4.761904762,12.2275,6.6,1
593-95-4461,2,1,1,4,74.86,1,3.743,78.60300000000002,3,24,2019,14,49,0,74.86,4.761904762,3.743,6.9,1
480-63-2856,2,1,1,2,19.25,8,7.7,161.7,1,23,2019,18,37,2,154.0,4.761904762,7.7,6.6,0
602-16-6955,1,0,0,5,76.6,10,38.3,804.3,1,24,2019,18,10,2,766.0,4.761904762,38.3,6.0,0
497-37-6538,0,2,1,5,58.91,7,20.6185,432.9885,1,17,2019,15,15,2,412.37,4.761904762,20.6185,9.7,0
811-35-1094,1,0,1,0,50.45,6,15.135,317.835,2,6,2019,15,16,1,302.7,4.761904762,15.135,8.9,1
793-10-3222,1,0,0,3,41.06,6,12.318,258.678,3,5,2019,13,30,1,246.36,4.761904762,12.318,8.3,1
563-91-7120,0,2,0,1,61.77,5,15.4425,324.2925,3,8,2019,13,21,0,308.85,4.761904762,15.4425,6.7,0
600-38-9738,2,1,1,5,71.92,5,17.98,377.58,1,17,2019,15,5,1,359.6,4.761904762,17.98,4.3,1
722-13-2115,2,1,1,5,42.85,1,2.1425,44.9925,3,14,2019,15,36,1,42.85,4.761904762,2.1425,9.3,1
838-02-1821,2,1,0,4,12.73,2,1.273,26.733,2,22,2019,12,10,1,25.46,4.761904762,1.273,5.2,1
699-14-3026,2,1,1,0,85.39,7,29.8865,627.6165,3,25,2019,18,30,2,597.73,4.761904762,29.8865,4.1,0
635-28-5728,0,2,1,3,56.0,3,8.4,176.4,2,28,2019,19,33,2,168.0,4.761904762,8.4,4.8,0
878-30-2331,2,1,0,5,54.55,10,27.275,572.775,3,2,2019,11,22,1,545.5,4.761904762,27.275,7.1,1
871-39-9221,2,1,0,0,12.45,6,3.735,78.435,2,9,2019,13,11,0,74.7,4.761904762,3.735,4.1,0
808-65-0703,2,1,1,4,35.47,4,7.0939999999999985,148.974,3,14,2019,17,22,1,141.88,4.761904762,7.0939999999999985,6.9,0
554-42-2417,2,1,0,5,95.44,10,47.72,1002.12,1,9,2019,13,45,0,954.4,4.761904762,47.72,5.2,0
631-34-1880,2,1,1,2,24.31,3,3.6465,76.5765,1,8,2019,19,9,1,72.93,4.761904762,3.6465,4.3,1
359-94-5395,1,0,1,3,92.78,1,4.6389999999999985,97.419,3,15,2019,10,50,1,92.78,4.761904762,4.6389999999999985,9.8,0
289-15-7034,0,2,1,5,82.33,4,16.465999999999998,345.786,1,11,2019,10,37,1,329.32,4.761904762,16.465999999999998,7.5,1
655-07-2265,0,2,1,0,78.31,3,11.7465,246.6765,3,5,2019,16,38,2,234.93,4.761904762,11.7465,5.4,0
462-78-5240,2,1,0,0,26.61,2,2.661,55.881,3,19,2019,14,35,0,53.22,4.761904762,2.661,4.2,0
686-41-0932,1,0,0,1,34.7,2,3.47,72.87,3,13,2019,19,48,2,69.4,4.761904762,3.47,8.2,0
642-32-2990,0,2,0,2,10.96,10,5.48,115.08,2,2,2019,20,48,2,109.6,4.761904762,5.48,6.0,0
377-79-7592,2,1,0,0,44.84,9,20.178,423.73800000000006,1,14,2019,14,0,1,403.56,4.761904762,20.178,7.5,1
845-51-0542,1,0,1,2,46.55,9,20.9475,439.8975,2,2,2019,15,34,2,418.95,4.761904762,20.9475,6.4,1
133-14-7229,2,1,1,3,62.87,2,6.287000000000001,132.02700000000002,1,1,2019,11,43,0,125.74,4.761904762,6.287000000000001,5.0,0
692-92-5582,1,0,0,2,54.84,3,8.226,172.74599999999995,2,20,2019,13,27,1,164.52,4.761904762,8.226,5.9,1
848-24-9445,2,1,1,3,43.7,2,4.37,91.77,3,26,2019,18,3,0,87.4,4.761904762,4.37,4.9,1
642-30-6693,1,0,0,5,54.51,6,16.352999999999998,343.413,3,17,2019,13,54,2,327.06,4.761904762,16.352999999999998,7.8,0
847-38-7188,1,0,0,2,96.68,3,14.502,304.5420000000001,1,26,2019,19,56,2,290.04,4.761904762,14.502,6.4,0
468-99-7231,2,1,0,4,44.01,8,17.604,369.684,3,3,2019,17,36,0,352.08,4.761904762,17.604,8.8,0
695-28-6250,0,2,0,5,43.06,5,10.765,226.065,2,4,2019,16,38,2,215.3,4.761904762,10.765,7.7,0
864-24-7918,0,2,0,5,24.49,10,12.245,257.145,2,22,2019,15,15,0,244.9,4.761904762,12.245,8.1,1
478-06-7835,0,2,1,1,89.69,1,4.4845,94.1745,1,11,2019,11,20,2,89.69,4.761904762,4.4845,4.9,0
139-20-0155,1,0,1,0,40.3,10,20.15,423.15,1,24,2019,17,37,1,403.0,4.761904762,20.15,7.0,1
677-11-0152,2,1,0,2,93.26,9,41.967,881.307,1,16,2019,18,8,0,839.34,4.761904762,41.967,8.8,0
482-17-1179,0,2,1,0,11.94,3,1.791,37.611,1,19,2019,12,47,1,35.82,4.761904762,1.791,8.1,1
578-80-7669,1,0,1,5,74.97,1,3.7485,78.7185,3,16,2019,16,58,0,74.97,4.761904762,3.7485,5.6,0
449-27-2918,1,0,0,5,39.12,1,1.956,41.076,3,26,2019,11,2,1,39.12,4.761904762,1.956,9.6,1
583-72-1480,2,1,1,0,37.06,4,7.412000000000001,155.65200000000004,1,31,2019,16,24,2,148.24,4.761904762,7.412000000000001,9.7,1
503-21-4385,1,0,1,3,39.91,3,5.9865,125.7165,2,21,2019,12,40,2,119.73,4.761904762,5.9865,9.3,1
859-97-6048,2,1,1,0,84.25,2,8.425,176.925,3,26,2019,14,13,1,168.5,4.761904762,8.425,5.3,1
443-60-9639,2,1,0,4,60.87,1,3.0435,63.9135,1,24,2019,13,24,0,60.87,4.761904762,3.0435,5.5,1
573-98-8548,2,1,0,1,31.9,1,1.595,33.495,1,5,2019,12,40,2,31.9,4.761904762,1.595,9.1,1
470-32-9057,0,2,1,2,51.34,5,12.835,269.535,3,28,2019,15,31,1,256.7,4.761904762,12.835,9.1,1
471-41-2823,2,1,1,2,99.79,2,9.979,209.55900000000003,3,7,2019,20,37,2,199.58,4.761904762,9.979,8.0,0
746-19-0921,2,1,1,2,21.58,1,1.079,22.659,2,9,2019,10,2,2,21.58,4.761904762,1.079,7.2,0
235-06-8510,2,1,1,4,85.72,3,12.858,270.018,1,24,2019,20,59,2,257.16,4.761904762,12.858,5.1,1
741-73-3559,1,0,1,5,67.27,5,16.8175,353.1675,2,27,2019,17,27,0,336.35,4.761904762,16.8175,6.9,0
315-22-5665,2,1,0,4,73.56,10,36.78,772.38,2,24,2019,11,38,2,735.6,4.761904762,36.78,8.0,0
782-95-9291,0,2,1,2,92.29,5,23.0725,484.5225,2,20,2019,15,55,1,461.45,4.761904762,23.0725,9.0,1
343-87-0864,2,1,1,3,75.88,1,3.794,79.67399999999998,1,3,2019,10,30,1,75.88,4.761904762,3.794,7.1,1
450-28-2866,2,1,1,2,17.44,5,4.36,91.56,1,15,2019,19,25,0,87.2,4.761904762,4.36,8.1,1
674-15-9296,0,2,1,5,37.14,5,9.285,194.985,1,8,2019,13,5,2,185.7,4.761904762,9.285,5.0,0
271-88-8734,2,1,0,1,97.21,10,48.605,1020.705,2,8,2019,13,0,1,972.1,4.761904762,48.605,8.7,1
102-06-2002,2,1,1,5,25.25,5,6.3125,132.5625,3,20,2019,17,52,0,126.25,4.761904762,6.3125,6.1,1
365-16-4334,1,0,0,2,26.43,8,10.572,222.012,2,24,2019,14,26,2,211.44,4.761904762,10.572,8.9,0
835-16-0096,2,1,1,5,14.7,5,3.675,77.175,3,24,2019,13,48,2,73.5,4.761904762,3.675,8.5,1
458-61-0011,1,0,1,2,60.3,4,12.06,253.26,2,20,2019,18,43,0,241.2,4.761904762,12.06,5.8,0
501-61-1753,1,0,0,4,63.15,6,18.945,397.845,1,3,2019,20,24,2,378.9,4.761904762,18.945,9.8,0
651-88-7328,0,2,0,1,65.74,9,29.583,621.243,1,1,2019,13,55,0,591.66,4.761904762,29.583,7.7,0
585-11-6748,1,0,1,5,96.8,3,14.52,304.92,3,15,2019,13,5,0,290.4,4.761904762,14.52,5.3,1
287-83-1405,0,2,1,3,25.43,6,7.629,160.209,2,12,2019,19,1,2,152.58,4.761904762,7.629,7.0,0
443-82-0585,0,2,0,3,77.68,4,15.536,326.256,2,1,2019,19,54,0,310.72,4.761904762,15.536,8.4,1
162-65-8559,2,1,1,2,68.98,1,3.449,72.429,1,21,2019,20,13,0,68.98,4.761904762,3.449,4.8,1
296-11-7041,1,0,0,3,27.07,1,1.3535,28.4235,1,12,2019,20,7,1,27.07,4.761904762,1.3535,5.3,1
568-88-3448,0,2,1,3,25.0,1,1.25,26.25,3,3,2019,15,9,2,25.0,4.761904762,1.25,5.5,0
466-61-5506,1,0,0,0,90.7,6,27.21,571.41,2,26,2019,10,52,0,544.2,4.761904762,27.21,5.3,1
115-99-4379,1,0,0,1,54.73,7,19.1555,402.2655,3,14,2019,19,2,1,383.11,4.761904762,19.1555,8.5,1
210-74-9613,2,1,1,1,97.26,4,19.452,408.492,3,16,2019,15,33,2,389.04,4.761904762,19.452,6.8,0
142-63-6033,1,0,1,4,92.36,5,23.09,484.89,3,20,2019,19,17,2,461.8,4.761904762,23.09,4.9,0
756-01-7507,2,1,0,3,20.38,5,5.095,106.995,1,22,2019,18,56,0,101.9,4.761904762,5.095,6.0,0
262-47-2794,1,0,1,4,71.86,8,28.744,603.624,3,6,2019,15,7,1,574.88,4.761904762,28.744,6.2,1
735-06-4124,2,1,1,2,48.61,1,2.4305,51.0405,2,25,2019,15,31,0,48.61,4.761904762,2.4305,4.4,0
856-66-2701,0,2,1,4,53.3,3,7.995,167.895,1,25,2019,14,19,2,159.9,4.761904762,7.995,7.5,1
875-31-8302,1,0,1,5,93.38,1,4.669,98.049,1,3,2019,13,7,0,93.38,4.761904762,4.669,9.6,0
387-49-4215,1,0,0,5,48.5,3,7.275,152.775,1,8,2019,12,50,0,145.5,4.761904762,7.275,6.7,1
873-95-4984,1,0,0,3,76.9,7,26.915,565.215,2,15,2019,20,21,0,538.3,4.761904762,26.915,7.7,1
438-01-4015,1,0,0,5,49.49,4,9.898,207.858,3,21,2019,15,25,2,197.96,4.761904762,9.898,6.6,1
728-88-7867,2,1,0,4,75.53,4,15.106,317.226,3,19,2019,15,52,2,302.12,4.761904762,15.106,8.3,1
590-83-4591,1,0,1,0,87.45,6,26.235,550.935,2,17,2019,14,40,1,524.7,4.761904762,26.235,8.8,1
729-06-2010,1,0,1,3,80.47,9,36.2115,760.4415,1,6,2019,11,18,0,724.23,4.761904762,36.2115,9.2,1
181-94-6432,2,1,1,1,69.33,2,6.933,145.593,2,5,2019,19,5,2,138.66,4.761904762,6.933,9.7,1
776-68-1096,1,0,1,4,44.12,3,6.6179999999999986,138.97799999999998,3,18,2019,13,45,1,132.36,4.761904762,6.6179999999999986,7.9,0
308-39-1707,0,2,0,1,12.09,1,0.6045,12.6945,1,26,2019,18,19,1,12.09,4.761904762,0.6045,8.2,0
750-67-8428,0,2,0,3,74.69,7,26.1415,548.9715,1,5,2019,13,8,2,522.83,4.761904762,26.1415,9.1,1
428-83-5800,2,1,0,2,21.08,3,3.162,66.402,2,9,2019,10,25,0,63.24,4.761904762,3.162,7.3,1
834-45-5519,1,0,0,0,43.0,4,8.6,180.6,1,31,2019,20,48,2,172.0,4.761904762,8.6,7.6,0
541-48-8554,0,2,1,5,60.95,9,27.4275,575.9775,1,7,2019,12,8,1,548.55,4.761904762,27.4275,6.0,0
544-55-9589,1,0,0,0,21.43,10,10.715,225.015,1,28,2019,11,51,0,214.3,4.761904762,10.715,6.2,1
857-67-9057,1,0,1,0,22.95,10,11.475,240.975,2,6,2019,19,20,2,229.5,4.761904762,11.475,8.2,0
598-47-9715,2,1,1,0,84.07,4,16.814,353.094,3,7,2019,16,54,2,336.28,4.761904762,16.814,4.4,0
587-03-7455,2,1,0,1,97.79,7,34.2265,718.7565,2,16,2019,17,30,2,684.53,4.761904762,34.2265,4.9,1
733-33-4967,2,1,1,0,20.85,8,8.34,175.14,3,3,2019,19,17,0,166.8,4.761904762,8.34,6.3,0
668-90-8900,0,2,0,4,93.69,7,32.7915,688.6215,3,10,2019,18,44,1,655.83,4.761904762,32.7915,4.5,0
885-17-6250,0,2,0,3,79.74,1,3.987,83.727,3,6,2019,10,36,2,79.74,4.761904762,3.987,7.3,0
266-76-6436,2,1,0,2,38.6,3,5.79,121.59,3,28,2019,13,57,2,115.8,4.761904762,5.79,7.5,1
210-57-1719,1,0,0,3,58.24,9,26.208,550.368,2,5,2019,12,34,0,524.16,4.761904762,26.208,9.7,0
865-41-9075,0,2,1,2,11.53,7,4.0355,84.7455,1,28,2019,17,35,0,80.71,4.761904762,4.0355,8.1,0
565-80-5980,2,1,0,4,47.38,4,9.476,198.996,1,23,2019,10,25,0,189.52,4.761904762,9.476,7.1,1
500-02-2261,2,1,0,2,57.29,6,17.187,360.927,3,21,2019,17,4,2,343.74,4.761904762,17.187,5.9,0
434-83-9547,2,1,1,2,38.47,8,15.388,323.148,1,23,2019,11,51,0,307.76,4.761904762,15.388,7.7,1
477-24-6490,1,0,0,3,99.71,6,29.913,628.173,2,26,2019,16,52,2,598.26,4.761904762,29.913,7.9,0
699-88-1972,1,0,1,3,99.16,8,39.664,832.944,1,28,2019,17,47,1,793.28,4.761904762,39.664,4.2,0
382-03-4532,0,2,0,3,18.33,1,0.9165,19.2465,2,2,2019,18,50,0,18.33,4.761904762,0.9165,4.3,1
558-80-4082,2,1,1,0,27.85,7,9.7475,204.6975,3,14,2019,17,20,2,194.95,4.761904762,9.7475,6.0,0
802-70-5316,0,2,0,5,92.13,6,27.639,580.419,3,6,2019,20,34,0,552.78,4.761904762,27.639,8.3,1
446-47-6729,2,1,1,1,99.82,2,9.982,209.622,1,2,2019,18,9,1,199.64,4.761904762,9.982,6.7,0
489-64-4354,2,1,1,1,16.28,1,0.8140000000000001,17.094,3,9,2019,15,36,0,16.28,4.761904762,0.8140000000000001,5.0,0
815-11-1168,0,2,1,2,99.78,5,24.945,523.845,3,9,2019,19,9,0,498.9,4.761904762,24.945,5.4,1
239-10-7476,0,2,0,4,77.95,6,23.385,491.085,1,21,2019,16,37,2,467.7,4.761904762,23.385,8.0,0
301-81-8610,1,0,1,1,25.42,8,10.168,213.528,3,19,2019,19,42,1,203.36,4.761904762,10.168,6.7,1
390-31-6381,2,1,1,2,27.22,3,4.083,85.743,1,7,2019,12,37,0,81.66,4.761904762,4.083,7.3,0
597-78-7908,2,1,1,1,90.22,3,13.533,284.193,2,18,2019,19,39,0,270.66,4.761904762,13.533,6.2,0
891-01-7034,1,0,0,0,74.71,6,22.413,470.673,1,1,2019,19,7,0,448.26,4.761904762,22.413,6.7,0
548-46-9322,1,0,1,2,39.9,10,19.95,418.95,2,20,2019,15,24,1,399.0,4.761904762,19.95,5.9,0
145-94-9061,1,0,0,2,88.36,5,22.09,463.89,1,25,2019,19,48,0,441.8,4.761904762,22.09,9.6,0
471-06-8611,2,1,0,2,52.42,1,2.6210000000000004,55.041,2,6,2019,10,22,1,52.42,4.761904762,2.6210000000000004,6.3,0
641-43-2399,1,0,1,4,25.55,4,5.11,107.31,1,26,2019,20,23,2,102.2,4.761904762,5.11,5.7,0
394-41-0748,2,1,0,1,54.07,9,24.3315,510.9615,1,27,2019,14,55,2,486.63,4.761904762,24.3315,9.5,1
658-66-3967,2,1,1,3,53.19,7,18.6165,390.9465,1,14,2019,15,42,2,372.33,4.761904762,18.6165,5.0,0
105-31-1824,0,2,1,5,69.52,7,24.332,510.972,2,1,2019,15,10,1,486.64,4.761904762,24.332,8.5,1
186-79-9562,1,0,1,3,71.77,7,25.1195,527.5095,3,29,2019,14,6,0,502.39,4.761904762,25.1195,8.9,0
731-81-9469,2,1,0,5,89.8,10,44.9,942.9,1,23,2019,13,0,1,898.0,4.761904762,44.9,5.4,1
608-27-6295,1,0,1,0,52.89,6,15.867,333.207,1,19,2019,17,34,1,317.34,4.761904762,15.867,9.8,1
355-53-5943,0,2,0,0,68.84,6,20.652,433.692,2,25,2019,14,36,2,413.04,4.761904762,20.652,5.8,1
390-17-5806,2,1,0,2,38.42,1,1.921,40.341,2,2,2019,16,33,0,38.42,4.761904762,1.921,8.6,1
701-69-8742,1,0,1,5,34.37,10,17.185,360.885,3,16,2019,10,11,2,343.7,4.761904762,17.185,6.7,0
841-35-6630,2,1,0,0,75.91,6,22.773000000000003,478.233,3,9,2019,18,21,0,455.46,4.761904762,22.773000000000003,8.7,0
313-66-9943,1,0,0,2,29.15,3,4.3725,91.8225,3,27,2019,20,29,1,87.45,4.761904762,4.3725,7.3,1
674-56-6360,0,2,1,0,95.15,1,4.7575,99.9075,3,22,2019,14,0,0,95.15,4.761904762,4.7575,6.0,0
346-84-3103,1,0,0,0,13.22,5,3.305,69.405,3,2,2019,19,26,0,66.1,4.761904762,3.305,4.3,1
458-41-1477,2,1,0,3,46.26,6,13.878,291.438,3,8,2019,17,11,1,277.56,4.761904762,13.878,9.5,0
744-16-7898,1,0,0,4,97.37,10,48.685,1022.385,1,15,2019,13,48,1,973.7,4.761904762,48.685,4.9,0
157-13-5295,0,2,1,3,51.94,10,25.97,545.37,3,9,2019,18,24,2,519.4,4.761904762,25.97,6.5,1
239-36-3640,1,0,1,0,45.35,6,13.605,285.705,1,31,2019,13,44,2,272.1,4.761904762,13.605,6.1,0
887-42-0517,2,1,0,5,83.14,7,29.099,611.0790000000002,1,10,2019,10,31,1,581.98,4.761904762,29.099,6.6,0
277-63-2961,1,0,1,5,73.97,1,3.6985,77.6685,2,3,2019,15,53,1,73.97,4.761904762,3.6985,5.4,1
695-51-0018,1,0,0,5,34.84,4,6.968,146.328,2,10,2019,18,36,0,139.36,4.761904762,6.968,7.4,0
886-18-2897,0,2,0,2,56.56,5,14.14,296.94,3,22,2019,19,6,1,282.8,4.761904762,14.14,4.5,0
200-16-5952,2,1,1,2,65.65,2,6.565,137.865,1,17,2019,16,46,0,131.3,4.761904762,6.565,6.0,1
895-66-0685,1,0,1,2,18.08,3,2.712,56.952,3,5,2019,19,46,2,54.24,4.761904762,2.712,8.0,1
554-53-8700,2,1,1,4,56.11,2,5.6110000000000015,117.831,2,2,2019,10,11,0,112.22,4.761904762,5.6110000000000015,6.3,1
182-52-7000,0,2,0,5,27.04,4,5.408,113.568,1,1,2019,20,26,2,108.16,4.761904762,5.408,6.9,1
588-01-7461,2,1,0,2,33.98,9,15.291,321.111,3,24,2019,10,43,0,305.82,4.761904762,15.291,4.2,0
379-17-6588,2,1,1,1,59.61,10,29.805,625.905,3,14,2019,11,7,0,596.1,4.761904762,29.805,5.3,0
106-35-6779,0,2,1,4,44.34,2,4.434,93.114,3,27,2019,11,26,0,88.68,4.761904762,4.434,5.8,1
882-40-4577,0,2,1,5,67.26,4,13.452,282.492,1,19,2019,15,28,1,269.04,4.761904762,13.452,8.0,1
138-17-5109,0,2,0,4,89.21,9,40.1445,843.0345,1,15,2019,15,42,1,802.89,4.761904762,40.1445,6.5,1
406-46-7107,0,2,0,4,96.52,6,28.956,608.076,1,11,2019,11,52,0,579.12,4.761904762,28.956,4.5,0
727-02-1313,0,2,1,2,31.84,1,1.592,33.431999999999995,2,9,2019,13,22,0,31.84,4.761904762,1.592,7.7,1
549-59-1358,0,2,1,5,88.63,3,13.2945,279.1845,3,2,2019,17,36,2,265.89,4.761904762,13.2945,6.0,1
554-53-3790,1,0,1,5,37.02,6,11.106,233.226,3,22,2019,18,33,0,222.12,4.761904762,11.106,4.5,0
358-88-9262,2,1,0,2,87.48,6,26.244,551.124,2,1,2019,18,43,2,524.88,4.761904762,26.244,5.1,1
435-13-4908,0,2,1,1,86.68,8,34.672,728.112,1,24,2019,18,4,1,693.44,4.761904762,34.672,7.2,1
828-46-6863,0,2,1,2,98.53,6,29.559,620.739,1,23,2019,11,22,1,591.18,4.761904762,29.559,4.0,1
372-62-5264,2,1,0,2,52.6,9,23.67,497.07,1,16,2019,14,42,0,473.4,4.761904762,23.67,7.6,0
321-49-7382,1,0,1,5,88.31,1,4.4155,92.7255,2,15,2019,17,38,1,88.31,4.761904762,4.4155,5.2,1
633-09-3463,2,1,0,0,47.65,3,7.1475,150.0975,3,28,2019,12,58,1,142.95,4.761904762,7.1475,9.5,0
162-48-8011,0,2,0,2,44.59,5,11.1475,234.0975,2,10,2019,15,10,0,222.95,4.761904762,11.1475,8.5,1
862-17-9201,1,0,0,2,84.05,6,25.215,529.515,1,29,2019,10,48,1,504.3,4.761904762,25.215,7.7,0
425-85-2085,1,0,1,3,54.86,5,13.715,288.015,3,29,2019,16,48,2,274.3,4.761904762,13.715,9.8,1
246-55-6923,2,1,0,4,35.79,9,16.1055,338.2155,3,10,2019,15,6,1,322.11,4.761904762,16.1055,5.1,1
534-53-3526,0,2,0,5,94.76,4,18.952,397.992,2,11,2019,16,6,2,379.04,4.761904762,18.952,7.8,0
154-74-7179,1,0,1,5,54.45,1,2.7225,57.1725,2,26,2019,19,24,2,54.45,4.761904762,2.7225,7.9,0
832-51-6761,0,2,1,2,33.88,8,13.552,284.592,1,19,2019,20,29,2,271.04,4.761904762,13.552,9.6,0
786-94-2700,0,2,1,2,80.62,6,24.186,507.906,2,28,2019,20,18,0,483.72,4.761904762,24.186,9.1,1
370-96-0655,2,1,0,1,49.32,6,14.796,310.716,1,9,2019,13,46,2,295.92,4.761904762,14.796,7.1,0
343-75-9322,1,0,0,5,11.85,8,4.74,99.54,1,9,2019,16,34,0,94.8,4.761904762,4.74,4.1,1
220-28-1851,0,2,1,4,34.73,2,3.4730000000000003,72.933,3,1,2019,18,14,2,69.46,4.761904762,3.4730000000000003,9.7,0
453-12-7053,2,1,1,1,45.74,3,6.8610000000000015,144.08100000000005,3,10,2019,17,38,1,137.22,4.761904762,6.8610000000000015,6.5,0
329-62-1586,0,2,1,2,54.67,3,8.2005,172.2105,1,21,2019,18,0,1,164.01,4.761904762,8.2005,8.6,0
258-92-7466,0,2,0,3,35.68,5,8.92,187.32,2,6,2019,18,33,1,178.4,4.761904762,8.92,6.6,0
305-18-3552,1,0,1,4,60.38,10,30.19,633.99,2,12,2019,16,19,0,603.8,4.761904762,30.19,6.0,1
241-11-2261,1,0,0,1,79.86,7,27.951,586.971,1,10,2019,10,33,1,559.02,4.761904762,27.951,5.5,0
616-87-0016,1,0,1,1,95.54,7,33.439,702.2189999999998,3,9,2019,14,36,1,668.78,4.761904762,33.439,9.6,0
468-88-0009,0,2,1,4,65.94,4,13.188,276.948,3,24,2019,10,29,0,263.76,4.761904762,13.188,6.0,1
787-56-0757,2,1,0,2,80.36,4,16.072,337.51199999999994,2,23,2019,18,45,1,321.44,4.761904762,16.072,8.3,1
803-83-5989,2,1,1,4,55.73,6,16.719,351.099,2,24,2019,10,55,2,334.38,4.761904762,16.719,7.0,0
364-33-8584,1,0,0,2,17.63,5,4.4075,92.5575,3,8,2019,15,27,0,88.15,4.761904762,4.4075,8.5,1
126-54-1082,0,2,0,4,21.54,9,9.693,203.553,1,7,2019,11,44,1,193.86,4.761904762,9.693,8.8,1
498-41-1961,1,0,1,3,66.68,5,16.67,350.07,2,20,2019,18,1,0,333.4,4.761904762,16.67,7.6,0
612-36-5536,0,2,1,2,80.96,8,32.384,680.064,2,17,2019,11,12,1,647.68,4.761904762,32.384,7.4,1
320-49-6392,2,1,0,0,30.24,1,1.5119999999999998,31.752,3,4,2019,15,44,0,30.24,4.761904762,1.5119999999999998,8.4,0
710-46-4433,1,0,0,2,77.4,9,34.83,731.43,2,15,2019,14,15,1,696.6,4.761904762,34.83,4.5,1
537-72-0426,2,1,1,1,70.99,10,35.495,745.395,3,20,2019,16,28,0,709.9,4.761904762,35.495,5.7,1
365-64-0515,0,2,0,0,46.95,5,11.7375,246.4875,2,12,2019,10,25,2,234.75,4.761904762,11.7375,7.1,0
851-28-6367,0,2,1,5,15.5,10,7.75,162.75,3,23,2019,10,55,2,155.0,4.761904762,7.75,8.0,1
613-59-9758,2,1,0,5,14.36,10,7.18,150.78,1,27,2019,14,28,0,143.6,4.761904762,7.18,5.4,0
115-38-7388,2,1,0,1,10.18,8,4.072,85.512,3,30,2019,12,51,1,81.44,4.761904762,4.072,9.5,1
509-29-3912,0,2,0,5,38.72,9,17.424,365.904,3,20,2019,12,24,2,348.48,4.761904762,17.424,4.2,1
279-62-1445,2,1,0,1,12.54,1,0.627,13.167,2,21,2019,12,38,0,12.54,4.761904762,0.627,8.2,1
239-48-4278,0,2,1,2,10.13,7,3.5455,74.4555,3,10,2019,19,35,2,70.91,4.761904762,3.5455,8.3,1
746-04-1077,1,0,0,2,84.63,10,42.315,888.615,1,1,2019,11,36,1,846.3,4.761904762,42.315,9.0,1
149-15-7606,1,0,1,5,37.32,9,16.794,352.6740000000001,3,6,2019,15,31,2,335.88,4.761904762,16.794,5.1,1
701-23-5550,1,0,1,4,38.81,4,7.762,163.002,3,19,2019,13,40,2,155.24,4.761904762,7.762,4.9,1
339-18-7061,2,1,0,1,92.98,2,9.298,195.258,2,13,2019,15,6,1,185.96,4.761904762,9.298,8.0,1
420-04-7590,1,0,1,4,99.7,3,14.955,314.055,3,18,2019,11,29,2,299.1,4.761904762,14.955,4.7,0
175-54-2529,0,2,1,2,22.17,8,8.868,186.228,3,3,2019,17,1,1,177.36,4.761904762,8.868,9.6,1
518-17-2983,0,2,0,1,48.63,4,9.726,204.246,2,4,2019,15,44,2,194.52,4.761904762,9.726,7.6,0
556-41-6224,2,1,1,3,33.64,8,13.456,282.576,2,15,2019,17,10,1,269.12,4.761904762,13.456,9.3,0
127-47-6963,0,2,1,3,51.71,4,10.342,217.182,3,9,2019,13,53,1,206.84,4.761904762,10.342,9.8,0
166-19-2553,0,2,1,5,89.06,6,26.718000000000004,561.078,1,18,2019,17,26,0,534.36,4.761904762,26.718000000000004,9.9,1
308-47-4913,0,2,0,5,52.26,10,26.13,548.73,3,9,2019,12,45,1,522.6,4.761904762,26.13,6.2,1
423-80-0988,2,1,1,5,76.4,2,7.64,160.44,1,30,2019,19,42,2,152.8,4.761904762,7.64,6.5,0
799-71-1548,0,2,1,0,77.72,4,15.544,326.4240000000001,1,7,2019,16,11,1,310.88,4.761904762,15.544,8.8,1
182-88-2763,1,0,1,2,79.91,3,11.9865,251.7165,3,20,2019,19,28,1,239.73,4.761904762,11.9865,5.0,1
460-93-5834,0,2,1,5,45.58,7,15.953,335.0130000000001,1,13,2019,10,3,0,319.06,4.761904762,15.953,5.0,0
679-22-6530,1,0,0,5,40.62,2,4.062,85.302,1,17,2019,10,1,1,81.24,4.761904762,4.062,4.1,0
667-23-5919,0,2,0,1,96.7,5,24.175,507.675,1,14,2019,12,52,2,483.5,4.761904762,24.175,7.0,1
132-23-6451,0,2,1,3,20.97,5,5.2425,110.0925,1,4,2019,13,21,0,104.85,4.761904762,5.2425,7.8,1
287-21-9091,0,2,1,4,74.67,9,33.6015,705.6315,1,22,2019,10,55,2,672.03,4.761904762,33.6015,9.4,0
645-44-1170,0,2,1,4,58.07,9,26.1315,548.7615,1,19,2019,20,7,2,522.63,4.761904762,26.1315,4.3,1
258-69-7810,2,1,0,1,36.85,5,9.2125,193.4625,1,26,2019,18,53,0,184.25,4.761904762,9.2125,9.2,0
324-92-3863,0,2,1,0,20.89,2,2.089,43.869,2,5,2019,18,45,0,41.78,4.761904762,2.089,9.8,1
541-89-9860,2,1,0,1,80.48,3,12.072,253.512,2,15,2019,12,31,0,241.44,4.761904762,12.072,8.1,1
716-39-1409,1,0,1,3,30.35,7,10.6225,223.0725,3,19,2019,18,19,0,212.45,4.761904762,10.6225,8.0,0
237-01-6122,2,1,0,4,80.79,9,36.3555,763.4655,2,1,2019,20,31,1,727.11,4.761904762,36.3555,9.5,1
186-09-3669,2,1,0,3,81.51,1,4.0755,85.5855,1,22,2019,10,57,2,81.51,4.761904762,4.0755,9.2,1
719-89-8991,0,2,0,5,91.41,5,22.8525,479.9025,2,25,2019,16,3,2,457.05,4.761904762,22.8525,7.1,1
533-33-5337,1,0,1,0,79.39,10,39.695,833.595,2,7,2019,20,24,0,793.9,4.761904762,39.695,6.2,0
372-26-1506,2,1,0,1,23.82,5,5.955,125.055,1,28,2019,19,24,2,119.1,4.761904762,5.955,5.4,0
873-51-0671,0,2,0,5,21.98,7,7.693,161.553,1,10,2019,16,42,2,153.86,4.761904762,7.693,5.1,1
641-62-7288,1,0,1,4,99.92,6,29.976,629.496,3,24,2019,13,33,2,599.52,4.761904762,29.976,7.1,0
318-68-5053,1,0,0,3,76.99,6,23.097,485.037,2,27,2019,17,55,0,461.94,4.761904762,23.097,6.1,0
898-04-2717,0,2,1,1,76.4,9,34.38,721.98,3,19,2019,15,49,2,687.6,4.761904762,34.38,7.5,0
267-62-7380,2,1,1,0,82.34,10,41.17,864.57,3,29,2019,19,12,2,823.4,4.761904762,41.17,4.3,1
181-82-6255,1,0,0,4,16.37,6,4.9110000000000005,103.131,2,8,2019,10,58,0,98.22,4.761904762,4.9110000000000005,7.0,0
458-10-8612,2,1,1,3,64.08,7,22.428,470.98800000000006,1,20,2019,12,27,2,448.56,4.761904762,22.428,7.6,0
830-58-2383,1,0,1,4,31.75,4,6.35,133.35,2,8,2019,15,26,0,127.0,4.761904762,6.35,8.6,0
880-35-0356,0,2,0,5,75.2,3,11.28,236.88,2,5,2019,11,51,2,225.6,4.761904762,11.28,4.8,1
277-35-5865,2,1,0,2,98.97,9,44.5365,935.2665,3,9,2019,11,23,0,890.73,4.761904762,44.5365,6.7,1
512-91-0811,2,1,1,3,89.75,1,4.4875,94.2375,2,6,2019,20,5,1,89.75,4.761904762,4.4875,6.6,0
529-56-3974,1,0,1,0,25.51,4,5.102,107.142,3,9,2019,17,3,0,102.04,4.761904762,5.102,6.8,1
316-01-3952,0,2,0,2,54.27,5,13.5675,284.9175,3,13,2019,14,16,2,271.35,4.761904762,13.5675,4.6,0
236-27-1144,2,1,0,2,16.31,9,7.3395,154.1295,3,26,2019,10,31,2,146.79,4.761904762,7.3395,8.4,0
228-96-1411,2,1,0,2,98.7,8,39.48,829.08,3,4,2019,20,39,0,789.6,4.761904762,39.48,7.6,1
354-25-5821,1,0,0,5,69.12,6,20.736,435.456,2,8,2019,13,3,0,414.72,4.761904762,20.736,5.6,1
340-66-0321,0,2,1,0,36.36,4,7.272,152.71200000000005,3,25,2019,13,7,0,145.44,4.761904762,7.272,7.6,1
687-47-8271,0,2,1,1,98.98,10,49.49,1039.29,2,8,2019,16,20,1,989.8,4.761904762,49.49,8.7,0
862-59-8517,2,1,0,2,90.24,6,27.072,568.512,1,27,2019,11,17,0,541.44,4.761904762,27.072,6.2,0
885-56-0389,2,1,1,1,52.35,1,2.6175,54.9675,2,12,2019,17,49,0,52.35,4.761904762,2.6175,4.0,1
123-35-4896,2,1,0,5,46.66,9,20.997,440.937,2,17,2019,19,11,2,419.94,4.761904762,20.997,5.3,0
785-96-0615,1,0,0,0,35.74,8,14.296,300.216,2,17,2019,15,28,2,285.92,4.761904762,14.296,4.9,1
163-56-7055,2,1,1,1,48.71,1,2.4355,51.1455,3,26,2019,19,20,0,48.71,4.761904762,2.4355,4.1,1
269-10-8440,0,2,1,3,53.17,7,18.6095,390.7995,1,21,2019,18,1,0,372.19,4.761904762,18.6095,8.9,1
407-63-8975,0,2,1,2,73.88,6,22.164,465.444,3,23,2019,19,16,2,443.28,4.761904762,22.164,4.4,0
301-11-9629,0,2,0,5,19.1,7,6.685,140.385,1,15,2019,10,43,0,133.7,4.761904762,6.685,9.7,0
750-57-9686,2,1,0,4,45.38,4,9.076,190.596,1,8,2019,13,48,1,181.52,4.761904762,9.076,8.7,0
873-14-6353,0,2,1,2,24.82,7,8.687000000000001,182.427,2,16,2019,10,33,1,173.74,4.761904762,8.687000000000001,7.1,1
311-13-6971,1,0,1,5,31.99,10,15.995,335.895,2,20,2019,15,18,1,319.9,4.761904762,15.995,9.9,1
528-87-5606,1,0,0,0,39.48,1,1.974,41.45399999999999,2,12,2019,19,43,0,39.48,4.761904762,1.974,6.5,1
139-52-2867,2,1,0,1,22.51,7,7.8785,165.4485,2,13,2019,10,50,1,157.57,4.761904762,7.8785,4.8,0
726-27-2396,0,2,0,3,77.5,5,19.375,406.875,1,24,2019,20,36,2,387.5,4.761904762,19.375,4.3,0
151-27-8496,2,1,0,0,56.13,4,11.226,235.746,1,19,2019,11,43,2,224.52,4.761904762,11.226,8.6,0
263-12-5321,0,2,1,0,92.6,7,32.41,680.61,2,27,2019,12,52,1,648.2,4.761904762,32.41,9.3,1
256-58-3609,2,1,1,1,91.98,1,4.599,96.579,3,18,2019,15,29,0,91.98,4.761904762,4.599,9.8,1
510-79-0415,1,0,0,5,23.08,6,6.924,145.404,1,24,2019,19,20,2,138.48,4.761904762,6.924,4.9,1
153-58-4872,2,1,0,2,74.89,4,14.978,314.538,3,1,2019,15,32,2,299.56,4.761904762,14.978,4.2,1
577-34-7579,2,1,1,2,50.49,9,22.7205,477.1305,1,10,2019,17,16,0,454.41,4.761904762,22.7205,5.4,1
585-86-8361,0,2,0,2,27.28,5,6.82,143.22,2,3,2019,10,31,1,136.4,4.761904762,6.82,8.6,0
729-09-9681,0,2,1,4,25.91,6,7.773,163.233,2,5,2019,10,16,2,155.46,4.761904762,7.773,8.7,1
308-81-0538,0,2,0,1,73.05,4,14.61,306.81,2,25,2019,17,16,1,292.2,4.761904762,14.61,4.9,0
527-09-6272,0,2,0,0,28.45,5,7.1125,149.3625,3,21,2019,10,17,1,142.25,4.761904762,7.1125,9.1,1
299-46-1805,1,0,0,5,93.72,6,28.116,590.436,1,15,2019,16,19,0,562.32,4.761904762,28.116,4.5,1
746-54-5508,0,2,1,4,21.52,6,6.456,135.576,1,17,2019,12,48,1,129.12,4.761904762,6.456,9.4,0
250-17-5703,0,2,1,2,18.85,10,9.425,197.925,2,27,2019,18,24,2,188.5,4.761904762,9.425,5.6,1
389-25-3394,2,1,1,0,11.81,5,2.9525,62.0025,2,17,2019,18,6,0,59.05,4.761904762,2.9525,9.4,0
342-65-4817,2,1,1,3,86.8,3,13.02,273.42,1,28,2019,16,47,2,260.4,4.761904762,13.02,9.9,1
148-41-7930,2,1,1,3,99.96,7,34.986,734.706,1,23,2019,10,33,0,699.72,4.761904762,34.986,6.1,0
273-16-6619,1,0,1,4,33.2,2,3.32,69.72,3,15,2019,12,20,1,66.4,4.761904762,3.32,4.4,0
632-90-0281,2,1,0,1,37.55,10,18.775,394.275,3,8,2019,20,1,1,375.5,4.761904762,18.775,9.3,0
779-42-2410,1,0,1,2,57.74,3,8.661,181.881,2,20,2019,13,6,2,173.22,4.761904762,8.661,7.7,1
840-76-5966,0,2,1,5,12.76,2,1.276,26.796,1,8,2019,18,6,2,25.52,4.761904762,1.276,7.8,1
378-07-7001,1,0,1,0,48.09,3,7.2135,151.4835,2,10,2019,18,23,1,144.27,4.761904762,7.2135,7.8,1
574-57-9721,2,1,1,2,43.27,2,4.327,90.867,3,8,2019,16,53,2,86.54,4.761904762,4.327,5.7,0
582-52-8065,1,0,0,1,54.31,9,24.4395,513.2295,2,22,2019,10,49,0,488.79,4.761904762,24.4395,8.9,0
528-14-9470,0,2,1,3,91.3,1,4.565,95.865,2,14,2019,14,42,2,91.3,4.761904762,4.565,9.2,1
875-46-5808,1,0,1,3,25.9,10,12.95,271.95,2,6,2019,14,51,2,259.0,4.761904762,12.95,8.7,1
149-61-1929,0,2,1,5,64.19,10,32.095,673.995,1,19,2019,14,8,1,641.9,4.761904762,32.095,6.7,0
152-08-9985,1,0,1,3,64.36,9,28.962,608.202,3,12,2019,12,9,1,579.24,4.761904762,28.962,8.6,1
712-39-0363,0,2,1,2,41.66,6,12.498,262.458,1,2,2019,15,24,2,249.96,4.761904762,12.498,5.6,1
232-11-3025,0,2,1,5,78.77,10,39.385,827.085,1,24,2019,10,4,0,787.7,4.761904762,39.385,6.4,0
670-79-6321,1,0,0,4,94.59,7,33.1065,695.2365,1,17,2019,15,27,1,662.13,4.761904762,33.1065,4.9,1
565-17-3836,0,2,0,3,47.67,4,9.534,200.21400000000003,3,12,2019,14,21,0,190.68,4.761904762,9.534,9.1,1
896-34-0956,0,2,1,1,21.32,1,1.0659999999999998,22.386,1,26,2019,12,43,0,21.32,4.761904762,1.0659999999999998,5.9,0
837-55-7229,1,0,0,1,47.44,1,2.372,49.812,2,22,2019,18,19,1,47.44,4.761904762,2.372,6.8,0
214-17-6927,2,1,0,2,16.48,6,4.944,103.824,2,7,2019,18,23,2,98.88,4.761904762,4.944,9.9,0
732-94-0499,2,1,0,0,41.65,10,20.825,437.325,1,13,2019,17,4,1,416.5,4.761904762,20.825,5.4,0
247-11-2470,0,2,0,1,22.32,4,4.464,93.744,3,1,2019,16,23,1,89.28,4.761904762,4.464,4.4,1
235-46-8343,2,1,1,2,27.66,10,13.83,290.43,2,14,2019,11,26,1,276.6,4.761904762,13.83,8.9,1
400-60-7251,0,2,1,4,74.07,1,3.7035,77.7735,2,10,2019,12,50,2,74.07,4.761904762,3.7035,9.9,0
687-15-1097,2,1,0,3,21.12,2,2.112,44.352,1,3,2019,19,17,0,42.24,4.761904762,2.112,9.7,1
211-30-9270,2,1,1,3,17.41,5,4.3525,91.4025,1,28,2019,15,16,1,87.05,4.761904762,4.3525,4.9,0
795-49-7276,0,2,1,1,37.15,4,7.43,156.03,3,23,2019,18,59,2,148.6,4.761904762,7.43,8.3,0
659-65-8956,1,0,1,1,51.36,1,2.568,53.928,1,16,2019,15,26,2,51.36,4.761904762,2.568,5.2,1
449-16-6770,0,2,1,3,50.79,5,12.6975,266.6475,2,19,2019,14,53,1,253.95,4.761904762,12.6975,5.3,0
595-27-4851,0,2,0,1,54.28,7,18.998,398.958,1,27,2019,18,5,2,379.96,4.761904762,18.998,9.3,0
569-76-2760,0,2,0,5,22.01,4,4.402,92.442,1,29,2019,18,15,1,88.04,4.761904762,4.402,6.6,1
788-07-8452,2,1,0,4,24.24,7,8.484,178.16400000000004,1,27,2019,17,38,2,169.68,4.761904762,8.484,9.4,1
870-54-3162,0,2,0,5,32.25,5,8.0625,169.3125,1,27,2019,13,26,0,161.25,4.761904762,8.0625,9.0,0
291-32-1427,1,0,1,1,21.94,5,5.485,115.185,3,5,2019,12,29,2,109.7,4.761904762,5.485,5.3,1
731-59-7531,1,0,1,3,72.57,8,29.028,609.5880000000002,3,30,2019,17,58,0,580.56,4.761904762,29.028,4.6,1
196-01-2849,2,1,0,1,73.38,7,25.683000000000003,539.3430000000002,2,10,2019,13,56,0,513.66,4.761904762,25.683000000000003,9.5,1
635-40-6220,0,2,1,3,89.6,8,35.84,752.64,2,7,2019,11,28,2,716.8,4.761904762,35.84,6.6,0
533-66-5566,1,0,0,4,51.07,7,17.8745,375.3645,1,12,2019,11,42,0,357.49,4.761904762,17.8745,7.0,0
453-33-6436,0,2,0,4,93.12,8,37.24800000000001,782.2080000000002,2,7,2019,10,9,0,744.96,4.761904762,37.24800000000001,6.8,0
254-31-0042,0,2,1,0,21.5,9,9.675,203.175,3,6,2019,12,46,1,193.5,4.761904762,9.675,7.8,1
144-51-6085,0,2,1,4,70.74,4,14.148,297.108,1,5,2019,16,5,1,282.96,4.761904762,14.148,4.4,1
370-41-7321,1,0,1,3,56.69,9,25.5105,535.7205,2,27,2019,17,24,1,510.21,4.761904762,25.5105,8.4,1
400-45-1220,1,0,0,3,13.5,10,6.75,141.75,2,27,2019,11,6,1,135.0,4.761904762,6.75,4.8,0
556-86-3144,2,1,0,1,74.29,1,3.7145,78.0045,1,13,2019,19,30,0,74.29,4.761904762,3.7145,5.0,1
849-09-3807,0,2,0,1,88.34,7,30.919,649.299,2,18,2019,13,28,0,618.38,4.761904762,30.919,6.6,1
427-45-9297,1,0,0,4,40.73,7,14.2555,299.3655,3,12,2019,11,1,2,285.11,4.761904762,14.2555,5.4,1
386-27-7606,2,1,0,4,81.2,7,28.42,596.82,3,23,2019,15,59,1,568.4,4.761904762,28.42,8.1,1
447-15-7839,0,2,0,5,22.24,10,11.12,233.52,2,9,2019,11,0,0,222.4,4.761904762,11.12,4.2,1
192-98-7397,2,1,1,1,12.78,1,0.639,13.419,1,8,2019,14,11,2,12.78,4.761904762,0.639,9.5,0
242-11-3142,1,0,1,1,83.77,2,8.377,175.917,2,24,2019,19,57,0,167.54,4.761904762,8.377,4.6,1
396-90-2219,1,0,0,0,14.96,8,5.984,125.664,2,23,2019,12,29,0,119.68,4.761904762,5.984,8.6,0
433-75-6987,1,0,0,3,55.97,7,19.5895,411.3795,3,5,2019,19,6,2,391.79,4.761904762,19.5895,8.9,1
558-60-5016,0,2,0,4,33.3,9,14.985,314.685,3,4,2019,15,27,2,299.7,4.761904762,14.985,7.2,0
238-49-0436,0,2,1,3,32.46,8,12.984000000000002,272.664,3,27,2019,13,48,1,259.68,4.761904762,12.984000000000002,4.9,0
268-27-6179,1,0,0,1,56.47,8,22.588,474.348,3,9,2019,14,57,2,451.76,4.761904762,22.588,7.3,1
886-77-9084,2,1,1,0,71.89,8,28.756,603.876,2,19,2019,11,33,2,575.12,4.761904762,28.756,5.5,0
326-78-5178,2,1,1,2,91.4,7,31.99,671.79,2,3,2019,10,19,0,639.8,4.761904762,31.99,9.5,1
565-67-6697,1,0,1,4,27.0,9,12.15,255.15,3,2,2019,14,16,0,243.0,4.761904762,12.15,4.8,1
397-25-8725,0,2,0,3,39.62,9,17.829,374.409,1,13,2019,17,54,1,356.58,4.761904762,17.829,6.8,1
338-65-2210,2,1,0,3,68.6,10,34.3,720.3,2,5,2019,19,57,0,686.0,4.761904762,34.3,9.1,1
767-05-1286,2,1,0,4,83.77,6,25.131,527.751,1,23,2019,12,10,2,502.62,4.761904762,25.131,5.4,1
346-12-3257,1,0,1,0,19.24,9,8.658,181.818,3,4,2019,16,28,0,173.16,4.761904762,8.658,8.0,1
135-13-8269,1,0,0,2,78.88,2,7.888,165.648,1,26,2019,16,4,0,157.76,4.761904762,7.888,9.1,1
649-11-3678,2,1,0,2,22.93,9,10.3185,216.6885,2,26,2019,20,26,0,206.37,4.761904762,10.3185,5.5,0
319-50-3348,1,0,0,4,40.3,2,4.03,84.63,3,11,2019,15,30,2,80.6,4.761904762,4.03,4.4,0
189-55-2313,2,1,0,1,62.18,10,31.09,652.89,1,31,2019,10,33,2,621.8,4.761904762,31.09,6.0,0
651-96-5970,0,2,1,1,46.41,1,2.3205,48.7305,3,3,2019,20,6,1,46.41,4.761904762,2.3205,4.0,0
559-61-5987,1,0,0,3,17.75,1,0.8875,18.6375,1,14,2019,10,38,0,17.75,4.761904762,0.8875,8.6,0
725-32-9708,1,0,0,1,68.71,4,13.742,288.582,1,4,2019,19,1,0,274.84,4.761904762,13.742,4.1,1
643-38-7867,0,2,1,4,97.94,1,4.897,102.837,3,7,2019,11,44,2,97.94,4.761904762,4.897,6.9,0
420-97-3340,0,2,0,2,71.68,3,10.752,225.792,3,28,2019,15,30,1,215.04,4.761904762,10.752,9.2,0
333-73-7901,2,1,0,3,54.92,8,21.968000000000004,461.328,3,23,2019,13,24,2,439.36,4.761904762,21.968000000000004,7.6,0
827-26-2100,0,2,1,4,33.84,9,15.228,319.788,3,21,2019,16,21,2,304.56,4.761904762,15.228,8.8,1
530-90-9855,0,2,1,4,47.59,8,19.036,399.756,1,1,2019,14,47,0,380.72,4.761904762,19.036,5.7,1
538-22-0304,2,1,1,0,64.95,10,32.475,681.975,3,24,2019,18,27,0,649.5,4.761904762,32.475,5.2,0
190-14-3147,1,0,0,3,17.97,4,3.594,75.47399999999998,2,23,2019,20,43,2,71.88,4.761904762,3.594,6.4,0
288-38-3758,2,1,0,1,84.87,3,12.7305,267.3405,1,25,2019,18,30,2,254.61,4.761904762,12.7305,7.4,1
234-36-2483,1,0,1,3,57.59,6,17.277,362.817,2,15,2019,13,51,0,345.54,4.761904762,17.277,5.1,0
400-89-4171,2,1,0,5,80.97,8,32.388000000000005,680.148,1,28,2019,13,5,0,647.76,4.761904762,32.388000000000005,9.3,0
226-71-3580,2,1,0,5,23.75,9,10.6875,224.4375,1,31,2019,12,2,0,213.75,4.761904762,10.6875,9.5,0
373-09-4567,2,1,1,2,77.56,10,38.78,814.38,3,14,2019,20,35,2,775.6,4.761904762,38.78,6.9,0
408-26-9866,2,1,0,5,73.98,7,25.893,543.753,3,2,2019,16,42,2,517.86,4.761904762,25.893,4.1,0
546-80-2899,0,2,1,4,37.69,2,3.769,79.149,2,20,2019,15,29,2,75.38,4.761904762,3.769,9.5,1
765-26-6951,0,2,1,5,72.61,6,21.783,457.443,1,1,2019,10,39,1,435.66,4.761904762,21.783,6.9,0
189-08-9157,2,1,0,1,31.73,9,14.2785,299.8485,1,8,2019,16,17,1,285.57,4.761904762,14.2785,5.9,0
372-94-8041,0,2,1,3,15.26,6,4.578,96.138,2,15,2019,18,3,2,91.56,4.761904762,4.578,9.8,0
110-48-7033,1,0,1,1,32.62,4,6.524,137.004,1,29,2019,14,12,0,130.48,4.761904762,6.524,9.0,1
562-12-5430,0,2,0,1,88.15,3,13.2225,277.6725,1,18,2019,10,11,2,264.45,4.761904762,13.2225,7.9,1
794-42-3736,1,0,1,2,33.33,2,3.333,69.993,1,26,2019,14,41,1,66.66,4.761904762,3.333,6.4,0
284-34-9626,1,0,0,4,77.04,3,11.556,242.676,2,11,2019,10,39,1,231.12,4.761904762,11.556,7.2,0
225-98-1496,2,1,0,1,27.02,3,4.053,85.113,3,2,2019,13,1,1,81.06,4.761904762,4.053,7.1,0
327-40-9673,1,0,1,5,72.6,6,21.78,457.38,1,13,2019,19,51,0,435.6,4.761904762,21.78,6.9,1
559-98-9873,0,2,0,1,53.65,7,18.7775,394.3275,2,10,2019,12,56,2,375.55,4.761904762,18.7775,5.2,1
130-98-8941,2,1,1,1,64.26,7,22.491,472.311,2,9,2019,10,0,0,449.82,4.761904762,22.491,5.7,0
573-10-3877,1,0,1,3,39.01,1,1.9505,40.9605,3,12,2019,16,46,1,39.01,4.761904762,1.9505,4.7,1
156-95-3964,0,2,0,2,55.39,4,11.078,232.638,3,25,2019,15,19,2,221.56,4.761904762,11.078,8.0,0
183-21-3799,2,1,0,0,77.63,9,34.9335,733.6035,2,19,2019,15,14,2,698.67,4.761904762,34.9335,7.2,0
592-46-1692,2,1,0,2,36.77,7,12.8695,270.2595,1,11,2019,20,10,0,257.39,4.761904762,12.8695,7.4,1
241-96-5076,1,0,0,4,49.1,2,4.91,103.11,1,8,2019,12,58,1,98.2,4.761904762,4.91,6.4,1
151-33-7434,1,0,0,2,67.77,1,3.3885,71.1585,2,4,2019,20,43,1,67.77,4.761904762,3.3885,6.5,0
521-18-7827,2,1,1,4,39.39,5,9.8475,206.7975,1,22,2019,20,46,1,196.95,4.761904762,9.8475,8.7,1
189-40-5216,2,1,1,0,96.37,7,33.7295,708.3195,1,9,2019,11,40,0,674.59,4.761904762,33.7295,6.0,0
132-32-9879,1,0,0,0,93.96,4,18.792,394.632,3,9,2019,18,0,0,375.84,4.761904762,18.792,9.5,1
624-01-8356,1,0,0,4,49.01,10,24.505,514.605,1,27,2019,10,44,1,490.1,4.761904762,24.505,4.2,0
307-85-2293,1,0,1,4,50.28,5,12.57,263.97,3,7,2019,13,58,2,251.4,4.761904762,12.57,9.7,0
409-33-9708,0,2,0,1,98.48,2,9.848,206.808,2,19,2019,10,12,2,196.96,4.761904762,9.848,9.2,0
316-55-4634,1,0,1,2,80.05,5,20.0125,420.2625,1,26,2019,12,45,1,400.25,4.761904762,20.0125,9.4,1
656-95-9349,0,2,0,3,68.93,7,24.1255,506.6355,3,11,2019,11,3,1,482.51,4.761904762,24.1255,4.6,1
209-61-0206,0,2,0,4,42.91,5,10.7275,225.2775,1,5,2019,17,29,2,214.55,4.761904762,10.7275,6.1,0
669-54-1719,1,0,1,0,18.93,6,5.6789999999999985,119.259,2,10,2019,12,45,1,113.58,4.761904762,5.6789999999999985,8.1,1
448-34-8700,1,0,1,4,36.91,7,12.9185,271.2885,2,10,2019,13,51,2,258.37,4.761904762,12.9185,6.7,1
720-72-2436,0,2,1,2,66.52,4,13.304,279.384,3,2,2019,18,14,2,266.08,4.761904762,13.304,6.9,0
413-20-6708,2,1,0,1,51.47,1,2.5735,54.0435,3,18,2019,15,52,2,51.47,4.761904762,2.5735,8.5,1
574-80-1489,1,0,0,2,62.85,4,12.57,263.97,2,25,2019,13,22,2,251.4,4.761904762,12.57,8.7,1
541-08-3113,2,1,1,2,65.97,8,26.388,554.148,2,2,2019,20,29,0,527.76,4.761904762,26.388,8.4,0
667-92-0055,0,2,1,3,99.83,6,29.949,628.929,3,4,2019,15,2,2,598.98,4.761904762,29.949,8.5,1
788-21-5741,0,2,1,1,45.38,3,6.807,142.947,2,17,2019,13,34,1,136.14,4.761904762,6.807,7.2,0
608-05-3804,1,0,1,0,39.75,1,1.9875,41.7375,2,25,2019,20,19,0,39.75,4.761904762,1.9875,6.1,1
746-68-6593,2,1,0,5,87.16,2,8.716000000000001,183.036,1,11,2019,14,29,1,174.32,4.761904762,8.716000000000001,9.7,1
649-29-6775,1,0,1,1,33.52,1,1.676,35.196,2,8,2019,15,31,0,33.52,4.761904762,1.676,6.7,0
200-40-6154,1,0,1,4,65.91,6,19.773,415.233,2,9,2019,11,45,0,395.46,4.761904762,19.773,5.7,1
345-08-4992,0,2,1,4,33.99,6,10.197,214.137,3,8,2019,15,37,1,203.94,4.761904762,10.197,7.7,0
305-89-2768,1,0,0,4,21.9,3,3.285,68.985,1,9,2019,18,43,2,65.7,4.761904762,3.285,4.7,1
272-27-9238,2,1,0,2,41.24,4,8.248,173.208,2,19,2019,16,23,0,164.96,4.761904762,8.248,7.1,0
721-86-6247,0,2,0,4,63.42,8,25.368,532.7280000000002,3,11,2019,12,55,2,507.36,4.761904762,25.368,7.4,0
272-65-1806,0,2,0,0,60.88,9,27.396,575.316,1,15,2019,17,17,2,547.92,4.761904762,27.396,4.7,0
172-42-8274,1,0,0,0,38.27,2,3.827,80.367,3,2,2019,18,18,1,76.54,4.761904762,3.827,5.8,0
422-29-8786,0,2,0,4,67.09,5,16.7725,352.2225,1,3,2019,16,47,1,335.45,4.761904762,16.7725,9.1,0
233-34-0817,2,1,0,0,98.84,1,4.942,103.782,2,15,2019,11,21,0,98.84,4.761904762,4.942,8.4,1
195-06-0432,0,2,1,4,81.01,3,12.1515,255.1815,1,13,2019,12,55,1,243.03,4.761904762,12.1515,9.3,1
843-73-4724,0,2,1,1,74.1,1,3.705,77.805,1,25,2019,11,5,0,74.1,4.761904762,3.705,9.2,0
640-48-5028,1,0,0,4,88.39,9,39.7755,835.2855,3,2,2019,12,40,0,795.51,4.761904762,39.7755,6.3,1
291-59-1384,1,0,1,0,60.3,1,3.015,63.315,2,28,2019,17,38,0,60.3,4.761904762,3.015,6.0,0
831-07-6050,0,2,1,0,32.71,5,8.1775,171.7275,3,19,2019,11,30,1,163.55,4.761904762,8.1775,9.9,0
160-22-2687,0,2,0,3,95.95,5,23.9875,503.7375,1,23,2019,14,21,2,479.75,4.761904762,23.9875,8.8,1
124-31-1458,0,2,0,0,79.59,3,11.9385,250.7085,1,8,2019,14,30,0,238.77,4.761904762,11.9385,6.6,1
282-35-2475,1,0,0,5,93.31,2,9.331,195.951,3,25,2019,17,53,0,186.62,4.761904762,9.331,6.3,0
214-30-2776,1,0,0,0,34.49,5,8.6225,181.0725,3,11,2019,19,44,1,172.45,4.761904762,8.6225,9.0,1
237-44-6163,0,2,1,0,10.56,8,4.224,88.704,1,24,2019,17,43,0,84.48,4.761904762,4.224,7.6,0
207-73-1363,1,0,1,3,69.51,2,6.9510000000000005,145.971,3,1,2019,12,15,2,139.02,4.761904762,6.9510000000000005,8.1,0
605-03-2706,0,2,0,3,15.8,3,2.37,49.77,3,25,2019,18,2,0,47.4,4.761904762,2.37,9.5,0
101-17-6199,0,2,1,2,45.79,7,16.0265,336.5565,3,13,2019,19,44,1,320.53,4.761904762,16.0265,7.0,0
186-71-5196,0,2,0,2,79.54,2,7.954,167.03400000000005,3,27,2019,16,30,2,159.08,4.761904762,7.954,6.2,1
746-94-0204,0,2,1,1,83.24,9,37.458,786.618,1,29,2019,11,56,1,749.16,4.761904762,37.458,7.4,0
324-41-6833,2,1,0,0,30.2,8,12.08,253.68,3,3,2019,19,30,2,241.6,4.761904762,12.08,5.1,1
690-01-6631,1,0,1,1,17.49,10,8.745,183.645,2,22,2019,18,35,2,174.9,4.761904762,8.745,6.6,0
652-43-6591,0,2,0,1,97.29,8,38.916,817.2360000000001,3,9,2019,13,18,1,778.32,4.761904762,38.916,6.2,0
210-67-5886,2,1,0,3,98.21,3,14.7315,309.3615,2,5,2019,10,41,1,294.63,4.761904762,14.7315,7.8,1
836-82-5858,1,0,1,3,69.37,9,31.2165,655.5465,1,26,2019,19,14,2,624.33,4.761904762,31.2165,4.0,1
173-57-2300,2,1,1,5,72.88,2,7.2879999999999985,153.048,3,13,2019,12,51,0,145.76,4.761904762,7.2879999999999985,6.1,1
212-62-1842,0,2,1,2,58.26,6,17.477999999999998,367.038,3,28,2019,16,44,0,349.56,4.761904762,17.477999999999998,9.9,0
740-22-2500,2,1,0,0,84.05,3,12.6075,264.7575,1,23,2019,13,29,0,252.15,4.761904762,12.6075,9.8,0
745-71-3520,0,2,0,0,25.22,7,8.827,185.367,2,4,2019,10,23,0,176.54,4.761904762,8.827,8.2,1
210-30-7976,1,0,0,1,22.32,4,4.464,93.744,3,14,2019,11,16,2,89.28,4.761904762,4.464,4.1,1
278-86-2735,0,2,0,2,52.34,3,7.851,164.87099999999995,3,27,2019,14,3,0,157.02,4.761904762,7.851,9.2,0
629-42-4133,2,1,1,3,21.8,8,8.72,183.12,2,19,2019,19,24,0,174.4,4.761904762,8.72,8.3,0
576-31-4774,1,0,0,3,73.41,3,11.0115,231.2415,3,2,2019,13,10,2,220.23,4.761904762,11.0115,4.0,0
378-24-2715,1,0,1,4,53.44,2,5.3439999999999985,112.224,1,20,2019,20,38,2,106.88,4.761904762,5.3439999999999985,4.1,0
778-71-5554,2,1,1,1,15.43,1,0.7715,16.2015,1,25,2019,15,46,1,15.43,4.761904762,0.7715,6.1,1
584-86-7256,2,1,1,5,34.56,7,12.095999999999998,254.016,3,11,2019,16,7,1,241.92,4.761904762,12.095999999999998,7.3,1
831-64-0259,1,0,0,1,39.75,5,9.9375,208.6875,2,22,2019,10,43,2,198.75,4.761904762,9.9375,9.6,0
489-82-1237,0,2,0,0,93.88,7,32.858000000000004,690.018,1,5,2019,11,51,1,657.16,4.761904762,32.858000000000004,7.3,0
263-87-5680,2,1,0,4,28.53,10,14.265,299.565,3,18,2019,17,38,2,285.3,4.761904762,14.265,7.8,1
816-72-8853,0,2,0,5,27.93,5,6.9825,146.6325,1,29,2019,15,48,0,139.65,4.761904762,6.9825,5.9,1
549-23-9016,2,1,0,2,14.87,2,1.487,31.227,2,13,2019,18,15,1,29.74,4.761904762,1.487,8.9,1
410-67-1709,0,2,0,1,63.88,8,25.552,536.592,1,20,2019,17,48,2,511.04,4.761904762,25.552,9.9,1
665-32-9167,0,2,0,3,36.26,2,3.626,76.146,1,10,2019,17,15,1,72.52,4.761904762,3.626,7.2,1
257-60-7754,0,2,0,0,50.23,4,10.046,210.966,1,8,2019,17,12,0,200.92,4.761904762,10.046,9.0,0
129-29-8530,0,2,1,5,62.62,5,15.655,328.755,3,10,2019,19,15,2,313.1,4.761904762,15.655,7.0,1
727-17-0390,0,2,0,2,63.61,5,15.9025,333.9525,3,16,2019,12,43,2,318.05,4.761904762,15.9025,4.8,0
563-47-4072,1,0,0,3,55.81,6,16.743,351.603,1,22,2019,11,52,0,334.86,4.761904762,16.743,9.9,0
290-68-2984,0,2,1,4,23.75,4,4.75,99.75,3,16,2019,11,22,0,95.0,4.761904762,4.75,5.2,0
439-54-7422,0,2,0,0,51.19,4,10.238,214.998,3,18,2019,17,15,1,204.76,4.761904762,10.238,4.7,0
457-13-1708,1,0,1,1,65.23,10,32.615,684.915,1,8,2019,19,7,1,652.3,4.761904762,32.615,5.2,1
343-61-3544,1,0,1,5,26.67,10,13.335,280.035,1,29,2019,11,48,0,266.7,4.761904762,13.335,8.6,1
852-62-7105,1,0,0,1,83.25,10,41.625,874.125,1,12,2019,11,25,1,832.5,4.761904762,41.625,4.4,0
756-49-0168,0,2,1,1,19.7,1,0.985,20.685,2,8,2019,11,39,2,19.7,4.761904762,0.985,9.5,1
114-35-5271,1,0,0,0,57.91,8,23.164,486.444,2,7,2019,15,6,0,463.28,4.761904762,23.164,8.1,0
655-85-5130,1,0,0,1,38.3,4,7.66,160.86,3,13,2019,19,22,0,153.2,4.761904762,7.66,5.7,1
421-95-9805,0,2,0,0,28.96,1,1.4480000000000002,30.408,2,7,2019,10,18,1,28.96,4.761904762,1.4480000000000002,6.2,0
744-02-5987,0,2,1,4,78.38,6,23.514,493.794,1,10,2019,14,16,2,470.28,4.761904762,23.514,5.8,1
472-15-9636,0,2,1,4,50.93,8,20.372,427.812,3,22,2019,19,36,2,407.44,4.761904762,20.372,9.2,0
608-96-3517,1,0,0,1,91.54,4,18.308,384.468,3,23,2019,19,20,1,366.16,4.761904762,18.308,4.8,1
704-10-4056,2,1,1,3,60.47,3,9.0705,190.4805,1,14,2019,10,55,1,181.41,4.761904762,9.0705,5.6,1
695-09-5146,1,0,0,2,98.79,3,14.8185,311.1885,2,23,2019,20,0,2,296.37,4.761904762,14.8185,6.4,1
880-46-5796,0,2,1,5,76.92,10,38.46,807.66,3,17,2019,19,53,2,769.2,4.761904762,38.46,5.6,1
747-58-7183,1,0,1,1,57.27,3,8.5905,180.4005,2,9,2019,20,31,2,171.81,4.761904762,8.5905,6.5,0
325-89-4209,0,2,1,2,87.9,1,4.395,92.295,2,5,2019,19,42,2,87.9,4.761904762,4.395,6.7,1
556-72-8512,2,1,1,4,22.96,1,1.148,24.108,1,30,2019,20,47,0,22.96,4.761904762,1.148,4.3,0
568-90-5112,2,1,1,3,66.14,4,13.228,277.788,3,19,2019,12,46,1,264.56,4.761904762,13.228,5.6,0
685-64-1609,0,2,0,1,30.14,10,15.07,316.47,2,10,2019,12,28,2,301.4,4.761904762,15.07,9.2,1
418-05-0656,1,0,0,1,25.56,7,8.946,187.866,2,2,2019,20,42,0,178.92,4.761904762,8.946,7.1,0
756-93-1854,2,1,0,1,83.35,2,8.335,175.035,2,2,2019,14,5,1,166.7,4.761904762,8.335,9.5,1
805-86-0265,0,2,1,4,93.96,9,42.282,887.922,3,20,2019,11,32,0,845.64,4.761904762,42.282,9.8,0
491-38-3499,0,2,1,1,55.45,1,2.7725,58.2225,2,26,2019,17,46,1,55.45,4.761904762,2.7725,4.9,1
531-80-1784,0,2,1,0,26.02,7,9.107,191.247,3,28,2019,17,38,0,182.14,4.761904762,9.107,5.1,0
320-32-8842,2,1,0,2,22.62,1,1.131,23.751,3,17,2019,18,58,0,22.62,4.761904762,1.131,6.4,1
276-54-0879,1,0,1,5,97.74,4,19.548,410.508,3,12,2019,19,53,2,390.96,4.761904762,19.548,6.4,0
305-14-0245,1,0,0,4,94.49,8,37.796,793.716,3,3,2019,19,0,2,755.92,4.761904762,37.796,7.5,1
336-78-2147,2,1,1,4,63.91,8,25.564,536.844,3,13,2019,19,52,1,511.28,4.761904762,25.564,4.6,1
866-70-2814,1,0,0,0,52.79,10,26.395,554.295,2,25,2019,11,58,2,527.9,4.761904762,26.395,10.0,0
318-12-0304,0,2,1,1,30.61,1,1.5305,32.1405,1,23,2019,12,20,2,30.61,4.761904762,1.5305,5.2,0
488-25-4221,2,1,0,2,30.41,1,1.5205,31.9305,2,22,2019,10,36,1,30.41,4.761904762,1.5205,8.4,1
867-47-1948,2,1,0,4,15.8,10,7.9,165.9,1,9,2019,12,7,0,158.0,4.761904762,7.9,7.8,0
856-22-8149,0,2,0,4,25.29,1,1.2645,26.5545,3,23,2019,10,13,2,25.29,4.761904762,1.2645,6.1,0
349-97-8902,1,0,1,2,57.89,2,5.789,121.569,1,17,2019,10,37,2,115.78,4.761904762,5.789,8.9,1
828-61-5674,0,2,1,5,44.02,10,22.01,462.21,3,20,2019,19,57,1,440.2,4.761904762,22.01,9.6,1
316-68-6352,0,2,0,2,36.36,2,3.636,76.35600000000002,1,21,2019,10,0,0,72.72,4.761904762,3.636,7.1,1
110-05-6330,2,1,0,2,39.43,6,11.829,248.409,3,25,2019,20,18,1,236.58,4.761904762,11.829,9.4,0
219-22-9386,1,0,1,5,99.96,9,44.982,944.622,3,9,2019,17,26,1,899.64,4.761904762,44.982,4.2,1
824-88-3614,2,1,1,3,34.31,8,13.724,288.204,1,25,2019,15,0,2,274.48,4.761904762,13.724,5.7,0
426-39-2418,2,1,1,0,61.41,7,21.4935,451.3635,1,14,2019,10,2,0,429.87,4.761904762,21.4935,9.8,0
549-96-4200,2,1,1,2,17.04,4,3.408,71.568,3,8,2019,20,15,2,68.16,4.761904762,3.408,7.0,1
866-05-7563,1,0,0,0,81.4,3,12.21,256.41,2,9,2019,19,43,0,244.2,4.761904762,12.21,4.8,1
268-03-6164,1,0,1,3,96.11,1,4.8055,100.9155,1,25,2019,16,28,2,96.11,4.761904762,4.8055,7.8,0
243-55-8457,0,2,0,2,74.44,10,37.22,781.62,2,27,2019,11,40,2,744.4,4.761904762,37.22,5.1,0
593-14-4239,1,0,0,4,95.46,8,38.184,801.8639999999998,3,5,2019,19,40,2,763.68,4.761904762,38.184,4.7,0
450-42-3339,2,1,1,3,84.61,10,42.305,888.405,2,9,2019,18,58,1,846.1,4.761904762,42.305,8.8,0
807-34-3742,0,2,1,1,52.38,1,2.619,54.999,3,26,2019,19,44,0,52.38,4.761904762,2.619,5.8,0
884-80-6021,0,2,0,0,73.47,10,36.735,771.435,3,23,2019,13,14,2,734.7,4.761904762,36.735,9.5,1
549-84-7482,1,0,0,5,90.28,9,40.626,853.1460000000002,2,8,2019,11,15,2,812.52,4.761904762,40.626,7.2,0
318-81-2368,2,1,0,0,46.2,1,2.31,48.51,3,19,2019,12,16,0,46.2,4.761904762,2.31,6.3,0
236-86-3015,2,1,1,4,13.98,1,0.6990000000000001,14.679,2,4,2019,13,38,2,13.98,4.761904762,0.6990000000000001,9.8,1
516-77-6464,2,1,0,3,10.16,5,2.54,53.34,2,24,2019,13,8,2,50.8,4.761904762,2.54,4.1,1
707-32-7409,1,0,0,5,95.54,4,19.108,401.268,2,26,2019,11,58,2,382.16,4.761904762,19.108,4.5,1
607-65-2441,2,1,1,3,81.95,10,40.975,860.475,3,10,2019,12,39,1,819.5,4.761904762,40.975,6.0,1
522-57-8364,0,2,1,1,51.34,8,20.536,431.256,1,31,2019,10,0,2,410.72,4.761904762,20.536,7.6,1
790-29-1172,1,0,0,2,57.34,3,8.601,180.621,3,10,2019,18,59,1,172.02,4.761904762,8.601,7.9,0
155-45-3814,2,1,0,0,88.55,8,35.42,743.82,3,19,2019,15,29,2,708.4,4.761904762,35.42,4.7,1
717-96-4189,2,1,0,0,35.49,6,10.647,223.587,2,2,2019,12,40,0,212.94,4.761904762,10.647,4.1,0
807-14-7833,0,2,0,0,17.42,10,8.71,182.91,2,22,2019,12,30,2,174.2,4.761904762,8.71,7.0,1
618-34-8551,0,2,0,5,93.18,2,9.318,195.678,1,16,2019,18,41,1,186.36,4.761904762,9.318,8.5,0
636-98-3364,1,0,0,0,26.26,3,3.939,82.719,3,2,2019,12,36,2,78.78,4.761904762,3.939,6.3,1
598-06-7312,1,0,1,1,91.35,1,4.5675,95.9175,2,16,2019,15,42,0,91.35,4.761904762,4.5675,6.8,1
737-88-5876,0,2,1,4,23.29,4,4.658,97.818,3,19,2019,11,52,1,93.16,4.761904762,4.658,5.9,1
842-40-8179,1,0,0,2,77.2,10,38.6,810.6,2,11,2019,10,38,1,772.0,4.761904762,38.6,5.6,1
689-16-9784,2,1,1,2,46.77,6,14.031,294.651,3,11,2019,13,37,0,280.62,4.761904762,14.031,6.0,0
452-04-8808,1,0,1,0,87.08,7,30.478,640.038,1,26,2019,15,17,0,609.56,4.761904762,30.478,5.5,0
602-80-9671,2,1,0,4,15.95,6,4.785,100.485,2,9,2019,17,15,1,95.7,4.761904762,4.785,5.1,1
571-94-0759,1,0,0,2,74.6,10,37.3,783.3,1,8,2019,20,55,0,746.0,4.761904762,37.3,9.5,1
190-59-3964,1,0,1,2,47.16,5,11.79,247.59,2,3,2019,14,35,1,235.8,4.761904762,11.79,6.0,1
394-30-3170,1,0,0,5,88.43,8,35.372,742.812,3,22,2019,19,35,1,707.44,4.761904762,35.372,4.3,1
556-97-7101,2,1,0,0,63.22,2,6.322,132.762,1,1,2019,15,51,0,126.44,4.761904762,6.322,8.5,0
227-78-1148,1,0,0,1,72.84,7,25.494,535.374,2,15,2019,12,44,0,509.88,4.761904762,25.494,8.4,0
266-20-6657,2,1,1,2,55.04,7,19.264,404.544,3,12,2019,19,39,2,385.28,4.761904762,19.264,5.2,1
418-02-5978,1,0,0,3,84.09,9,37.8405,794.6505,2,11,2019,10,54,0,756.81,4.761904762,37.8405,8.0,0
852-82-2749,0,2,1,5,64.59,4,12.918,271.278,1,6,2019,13,35,2,258.36,4.761904762,12.918,9.3,0
544-32-5024,2,1,0,2,49.79,4,9.958,209.118,3,28,2019,19,16,1,199.16,4.761904762,9.958,6.4,1
642-61-4706,1,0,1,2,93.4,2,9.34,196.14,3,30,2019,16,34,0,186.8,4.761904762,9.34,5.5,1
382-25-8917,2,1,1,1,42.08,6,12.624,265.10400000000004,1,29,2019,12,25,0,252.48,4.761904762,12.624,8.9,0
809-46-1866,0,2,1,3,58.15,4,11.63,244.23,1,23,2019,17,44,0,232.6,4.761904762,11.63,8.4,0
860-73-6466,0,2,0,5,39.47,2,3.947,82.887,3,2,2019,16,16,1,78.94,4.761904762,3.947,5.0,1
269-04-5750,1,0,1,1,73.82,4,14.764,310.0440000000001,2,21,2019,18,31,0,295.28,4.761904762,14.764,6.7,1
404-91-5964,0,2,1,0,74.58,7,26.103,548.163,2,4,2019,16,9,1,522.06,4.761904762,26.103,9.0,0
752-23-3760,1,0,0,5,64.08,7,22.428,470.98800000000006,2,19,2019,19,29,1,448.56,4.761904762,22.428,7.3,1
603-07-0961,2,1,1,0,74.79,5,18.6975,392.6475,1,10,2019,11,34,0,373.95,4.761904762,18.6975,4.9,1
859-71-0933,2,1,0,5,15.49,2,1.5490000000000002,32.529,1,16,2019,15,10,0,30.98,4.761904762,1.5490000000000002,6.3,1
244-08-0162,1,0,0,3,34.21,10,17.105,359.205,1,2,2019,13,0,0,342.1,4.761904762,17.105,5.1,0
725-54-0677,2,1,1,3,85.6,7,29.96,629.16,3,2,2019,13,50,0,599.2,4.761904762,29.96,5.3,1
445-30-9252,0,2,1,5,25.7,3,3.855,80.955,1,17,2019,17,59,2,77.1,4.761904762,3.855,6.1,0
453-63-6187,1,0,1,0,27.5,3,4.125,86.625,3,1,2019,15,40,2,82.5,4.761904762,4.125,6.5,0
151-16-1484,0,2,1,0,32.25,4,6.45,135.45,2,13,2019,12,38,2,129.0,4.761904762,6.45,6.5,1
345-68-9016,2,1,0,5,31.67,8,12.668,266.028,1,2,2019,16,19,1,253.36,4.761904762,12.668,5.6,1
628-90-8624,1,0,1,3,82.58,10,41.29,867.09,3,14,2019,14,41,0,825.8,4.761904762,41.29,5.0,1
589-02-8023,0,2,1,2,83.77,2,8.377,175.917,1,15,2019,10,54,1,167.54,4.761904762,8.377,7.0,1
490-29-1201,0,2,0,5,15.34,1,0.767,16.107,1,6,2019,11,9,0,15.34,4.761904762,0.767,6.5,0
843-01-4703,1,0,0,4,35.38,9,15.921,334.341,1,5,2019,19,50,1,318.42,4.761904762,15.921,9.6,1
662-72-2873,0,2,0,2,40.94,5,10.235,214.935,1,6,2019,13,58,2,204.7,4.761904762,10.235,9.9,0
213-72-6612,0,2,1,2,43.25,2,4.325,90.825,3,20,2019,15,56,0,86.5,4.761904762,4.325,6.2,0
784-08-0310,2,1,0,2,21.04,4,4.208,88.368,1,13,2019,13,58,0,84.16,4.761904762,4.208,7.6,1
778-34-2523,0,2,0,0,48.62,8,19.448,408.408,1,24,2019,10,57,0,388.96,4.761904762,19.448,5.0,1
405-31-3305,0,2,1,1,43.13,10,21.565,452.865,2,2,2019,18,31,1,431.3,4.761904762,21.565,5.5,1
725-96-3778,2,1,0,4,89.25,8,35.7,749.7,1,20,2019,10,13,0,714.0,4.761904762,35.7,4.7,1
726-29-6793,0,2,1,0,24.18,8,9.672,203.112,1,28,2019,20,54,2,193.44,4.761904762,9.672,9.8,1
665-63-9737,1,0,1,1,52.42,3,7.862999999999999,165.123,2,27,2019,17,36,2,157.26,4.761904762,7.862999999999999,7.5,0
552-44-5977,1,0,1,3,62.0,8,24.8,520.8,1,3,2019,19,8,1,496.0,4.761904762,24.8,6.2,1
431-66-2305,1,0,0,0,88.25,9,39.7125,833.9625,2,15,2019,20,51,1,794.25,4.761904762,39.7125,7.6,0
118-62-1812,2,1,0,4,78.38,4,15.675999999999998,329.196,3,24,2019,17,56,0,313.52,4.761904762,15.675999999999998,7.9,1
641-96-3695,2,1,0,1,43.46,6,13.038,273.798,2,7,2019,17,55,2,260.76,4.761904762,13.038,8.5,1
895-03-6665,1,0,0,1,36.51,9,16.4295,345.0195,2,16,2019,10,52,0,328.59,4.761904762,16.4295,4.2,0
759-29-9521,0,2,0,1,48.96,9,22.032,462.672,3,4,2019,11,27,0,440.64,4.761904762,22.032,8.0,1
706-36-6154,0,2,1,4,19.36,9,8.712,182.952,1,18,2019,18,43,2,174.24,4.761904762,8.712,8.7,1
585-90-0249,0,2,1,0,73.26,1,3.663,76.923,1,27,2019,18,8,2,73.26,4.761904762,3.663,9.7,1
198-66-9832,1,0,0,1,72.04,2,7.204,151.284,2,4,2019,19,38,0,144.08,4.761904762,7.204,9.5,1
430-02-3888,1,0,1,0,46.02,6,13.806,289.926,2,7,2019,15,55,0,276.12,4.761904762,13.806,7.1,0
592-34-6155,2,1,1,2,31.77,4,6.354,133.434,1,14,2019,14,43,2,127.08,4.761904762,6.354,6.2,0
605-83-1050,1,0,1,1,27.18,2,2.718,57.078,3,15,2019,16,26,2,54.36,4.761904762,2.718,4.3,0
730-50-9884,2,1,0,5,83.06,7,29.071,610.491,3,5,2019,14,31,2,581.42,4.761904762,29.071,4.0,0
142-72-4741,2,1,1,1,93.2,2,9.32,195.72,2,28,2019,18,37,1,186.4,4.761904762,9.32,6.0,1
868-06-0466,0,2,1,0,69.58,9,31.311,657.5310000000002,2,19,2019,19,38,1,626.22,4.761904762,31.311,7.8,1
423-57-2993,1,0,1,5,93.39,6,28.017,588.357,3,27,2019,19,18,2,560.34,4.761904762,28.017,10.0,0
534-01-4457,0,2,1,2,81.71,6,24.513,514.773,1,27,2019,14,36,1,490.26,4.761904762,24.513,8.0,0
232-16-2483,2,1,0,5,68.12,1,3.406,71.52600000000002,1,7,2019,12,28,2,68.12,4.761904762,3.406,6.8,1
460-35-4390,0,2,1,4,30.68,3,4.602,96.642,1,22,2019,11,0,2,92.04,4.761904762,4.602,9.1,0
249-42-3782,0,2,1,3,70.01,5,17.5025,367.5525,1,3,2019,11,36,2,350.05,4.761904762,17.5025,5.5,0
133-77-3154,1,0,1,1,60.18,4,12.036,252.756,2,16,2019,18,4,1,240.72,4.761904762,12.036,9.4,1
389-70-2397,2,1,0,3,83.66,5,20.915,439.215,2,21,2019,10,26,0,418.3,4.761904762,20.915,7.2,0
748-45-2862,0,2,0,4,28.31,4,5.662000000000001,118.902,3,7,2019,18,35,0,113.24,4.761904762,5.662000000000001,8.2,1
862-29-5914,2,1,0,5,22.38,1,1.119,23.499,1,30,2019,17,8,1,22.38,4.761904762,1.119,8.6,0
333-23-2632,0,2,1,3,10.08,7,3.528,74.08800000000002,3,28,2019,20,14,0,70.56,4.761904762,3.528,4.2,1
438-23-1242,1,0,1,0,75.88,7,26.558000000000003,557.7180000000002,1,24,2019,10,38,2,531.16,4.761904762,26.558000000000003,8.9,0
594-34-4444,0,2,1,0,97.16,1,4.8580000000000005,102.018,3,8,2019,20,38,2,97.16,4.761904762,4.8580000000000005,7.2,0
760-90-2357,0,2,1,0,74.51,6,22.353,469.413,3,20,2019,15,8,2,447.06,4.761904762,22.353,5.0,1
540-11-4336,0,2,1,2,24.94,9,11.223,235.683,1,11,2019,16,49,1,224.46,4.761904762,11.223,5.6,0
373-14-0504,0,2,0,5,71.63,2,7.1629999999999985,150.423,2,12,2019,14,33,2,143.26,4.761904762,7.1629999999999985,8.8,1
550-84-8664,0,2,1,5,85.91,5,21.4775,451.0275,3,22,2019,14,33,1,429.55,4.761904762,21.4775,8.6,0
394-55-6384,2,1,0,5,70.19,9,31.5855,663.2955,1,25,2019,13,38,0,631.71,4.761904762,31.5855,6.7,1
639-76-1242,2,1,1,2,40.52,5,10.13,212.73,2,3,2019,15,19,0,202.6,4.761904762,10.13,4.5,0
399-69-4630,2,1,1,0,22.21,6,6.6629999999999985,139.923,3,7,2019,10,23,1,133.26,4.761904762,6.6629999999999985,8.6,0
137-74-8729,2,1,0,1,12.19,8,4.876,102.396,3,13,2019,12,47,2,97.52,4.761904762,4.876,6.8,0
672-51-8681,2,1,0,0,66.65,9,29.9925,629.8425,1,4,2019,18,19,1,599.85,4.761904762,29.9925,9.7,1
563-36-9814,0,2,1,0,76.82,1,3.841,80.661,2,13,2019,18,27,2,76.82,4.761904762,3.841,7.2,1
702-72-0487,0,2,0,0,46.61,2,4.6610000000000005,97.881,2,26,2019,12,28,1,93.22,4.761904762,4.6610000000000005,6.6,0
760-54-1821,1,0,1,4,13.59,9,6.1155,128.4255,3,15,2019,10,26,0,122.31,4.761904762,6.1155,5.8,0
801-88-0346,2,1,0,1,76.06,3,11.409,239.58900000000003,1,5,2019,20,30,1,228.18,4.761904762,11.409,9.8,0
845-94-6841,2,1,0,2,72.88,9,32.796,688.716,1,8,2019,19,38,0,655.92,4.761904762,32.796,4.0,1
319-74-2561,0,2,0,0,94.64,3,14.196,298.116,2,21,2019,16,55,0,283.92,4.761904762,14.196,5.5,1
373-73-7910,0,2,1,5,86.31,7,30.2085,634.3785,2,8,2019,10,37,2,604.17,4.761904762,30.2085,5.3,0
711-31-1234,1,0,0,0,95.64,4,19.128,401.6880000000001,3,16,2019,18,51,0,382.56,4.761904762,19.128,7.9,0
794-32-2436,1,0,1,0,55.67,2,5.567,116.907,3,27,2019,15,8,2,111.34,4.761904762,5.567,6.0,1
825-94-5922,1,0,1,5,25.31,2,2.531,53.151,3,2,2019,19,26,2,50.62,4.761904762,2.531,7.2,0
789-23-8625,1,0,1,1,93.22,3,13.983,293.643,1,24,2019,11,45,0,279.66,4.761904762,13.983,7.2,1
197-77-7132,1,0,1,0,91.56,8,36.624,769.1039999999998,1,12,2019,18,22,2,732.48,4.761904762,36.624,6.0,1
647-50-1224,0,2,0,1,29.42,10,14.71,308.91,1,12,2019,16,23,2,294.2,4.761904762,14.71,8.9,0
149-14-0304,2,1,0,3,28.5,8,11.4,239.4,2,6,2019,14,24,0,228.0,4.761904762,11.4,6.6,1
105-10-6182,0,2,1,1,21.48,2,2.148,45.108,2,27,2019,12,22,2,42.96,4.761904762,2.148,6.6,1
865-92-6136,0,2,1,2,52.75,3,7.9125,166.1625,3,23,2019,10,16,2,158.25,4.761904762,7.9125,9.3,0
831-81-6575,1,0,0,0,75.59,9,34.0155,714.3255,2,23,2019,11,12,0,680.31,4.761904762,34.0155,8.0,1
174-64-0215,1,0,1,5,69.74,10,34.87,732.27,3,5,2019,17,49,1,697.4,4.761904762,34.87,8.9,0
355-34-6244,1,0,1,2,72.39,2,7.239,152.019,1,13,2019,19,55,1,144.78,4.761904762,7.239,8.1,0
732-67-5346,0,2,1,2,13.79,5,3.4475,72.3975,1,11,2019,19,7,1,68.95,4.761904762,3.4475,7.8,0
620-02-2046,2,1,1,4,69.4,2,6.94,145.74,1,27,2019,19,48,2,138.8,4.761904762,6.94,9.0,0
727-46-3608,1,0,0,2,20.01,9,9.0045,189.0945,2,6,2019,15,47,2,180.09,4.761904762,9.0045,4.1,1
640-49-2076,1,0,1,5,83.78,8,33.512,703.752,1,10,2019,14,49,0,670.24,4.761904762,33.512,5.1,0
457-94-0464,1,0,1,0,87.87,9,39.5415,830.3715,1,31,2019,20,32,2,790.83,4.761904762,39.5415,5.6,1
271-77-8740,2,1,0,5,29.22,6,8.766,184.086,1,1,2019,11,40,2,175.32,4.761904762,8.766,5.0,1
606-80-4905,2,1,0,5,19.15,6,5.745,120.645,1,29,2019,10,1,1,114.9,4.761904762,5.745,6.8,1
483-71-1164,2,1,0,3,81.3,6,24.39,512.19,3,8,2019,16,43,2,487.8,4.761904762,24.39,5.3,0
189-17-4241,0,2,0,1,87.67,2,8.767000000000001,184.107,3,10,2019,12,17,1,175.34,4.761904762,8.767000000000001,7.7,0
490-95-0021,1,0,0,2,33.21,10,16.605,348.705,1,8,2019,14,25,2,332.1,4.761904762,16.605,6.0,1
289-65-5721,1,0,0,1,81.37,2,8.137,170.877,1,26,2019,19,28,0,162.74,4.761904762,8.137,6.5,0
627-95-3243,1,0,0,4,77.68,9,34.956,734.076,2,4,2019,13,21,2,699.12,4.761904762,34.956,9.8,1
201-63-8275,2,1,0,5,67.99,7,23.7965,499.7265,2,17,2019,16,50,2,475.93,4.761904762,23.7965,5.7,1
595-86-2894,2,1,1,1,96.98,4,19.396,407.316,2,6,2019,17,20,2,387.92,4.761904762,19.396,9.4,1
283-79-9594,1,0,0,2,48.51,7,16.9785,356.5485,1,25,2019,13,30,1,339.57,4.761904762,16.9785,5.2,0
848-07-1692,1,0,0,3,57.22,2,5.722,120.162,1,12,2019,17,13,2,114.44,4.761904762,5.722,8.3,0
811-03-8790,0,2,0,0,45.48,10,22.74,477.54,3,1,2019,10,22,1,454.8,4.761904762,22.74,4.8,0
173-82-9529,1,0,0,1,37.95,10,18.975,398.475,1,26,2019,14,51,0,379.5,4.761904762,18.975,9.7,0
560-49-6611,0,2,0,5,45.58,1,2.279,47.859,2,7,2019,14,13,0,45.58,4.761904762,2.279,9.8,1
401-18-8016,1,0,0,5,98.13,1,4.9065,103.0365,1,21,2019,17,36,0,98.13,4.761904762,4.9065,8.9,1
241-72-9525,1,0,1,5,51.91,10,25.955,545.055,2,16,2019,12,21,0,519.1,4.761904762,25.955,8.2,0
347-34-2234,1,0,0,5,55.07,9,24.7815,520.4115,2,3,2019,13,40,2,495.63,4.761904762,24.7815,10.0,1
340-21-9136,0,2,0,5,40.05,4,8.01,168.21,1,25,2019,11,40,0,160.2,4.761904762,8.01,9.7,1
574-31-8277,1,0,1,1,33.63,1,1.6815,35.3115,3,20,2019,19,55,0,33.63,4.761904762,1.6815,5.6,1
663-86-9076,2,1,0,2,68.54,8,27.416,575.736,1,8,2019,15,57,2,548.32,4.761904762,27.416,8.5,1
221-25-5073,0,2,0,2,74.66,4,14.932,313.572,3,4,2019,10,39,0,298.64,4.761904762,14.932,8.5,0
734-91-1155,1,0,0,0,45.71,3,6.8565,143.9865,3,26,2019,10,34,1,137.13,4.761904762,6.8565,7.7,0
660-29-7083,2,1,1,0,55.87,10,27.935,586.635,1,15,2019,15,1,0,558.7,4.761904762,27.935,5.8,0
593-08-5916,0,2,0,1,15.5,1,0.775,16.275,3,19,2019,15,23,1,15.5,4.761904762,0.775,7.4,0
853-23-2453,1,0,1,3,75.74,4,15.148,318.108,2,14,2019,14,35,0,302.96,4.761904762,15.148,7.6,1
815-04-6282,2,1,0,5,64.97,5,16.2425,341.0925,2,8,2019,12,52,1,324.85,4.761904762,16.2425,6.5,1
829-34-3910,0,2,0,3,71.38,10,35.69,749.49,3,29,2019,19,21,0,713.8,4.761904762,35.69,5.7,0
279-74-2924,1,0,1,0,72.17,1,3.6085,75.7785,1,4,2019,19,40,0,72.17,4.761904762,3.6085,6.1,1
280-35-5823,1,0,0,4,86.72,1,4.336,91.056,1,17,2019,18,45,2,86.72,4.761904762,4.336,7.9,1
608-04-3797,1,0,0,3,25.32,8,10.128,212.688,3,5,2019,20,24,2,202.56,4.761904762,10.128,8.7,1
182-69-8360,1,0,0,0,23.65,4,4.73,99.33,1,30,2019,13,32,1,94.6,4.761904762,4.73,4.0,0
732-04-5373,1,0,1,4,46.47,4,9.294,195.174,2,8,2019,10,53,0,185.88,4.761904762,9.294,7.0,1
587-73-4862,0,2,0,3,10.69,5,2.6725,56.1225,3,26,2019,11,7,2,53.45,4.761904762,2.6725,7.6,1
560-30-5617,1,0,0,5,24.77,5,6.1925,130.0425,3,24,2019,18,27,0,123.85,4.761904762,6.1925,8.5,0
400-80-4065,2,1,1,3,68.55,4,13.71,287.91,2,15,2019,20,21,1,274.2,4.761904762,13.71,9.2,1
616-24-2851,1,0,0,1,17.87,4,3.574,75.054,3,22,2019,14,42,2,71.48,4.761904762,3.574,6.5,1
448-61-3783,0,2,0,0,90.02,8,36.008,756.168,3,21,2019,16,8,1,720.16,4.761904762,36.008,4.5,0
692-27-8933,1,0,0,5,57.95,6,17.385,365.085,2,24,2019,13,2,0,347.7,4.761904762,17.385,5.2,0
487-79-6868,1,0,0,4,12.29,9,5.5305,116.1405,3,26,2019,19,28,1,110.61,4.761904762,5.5305,8.0,1
821-14-9046,1,0,0,1,17.48,6,5.244,110.124,1,18,2019,15,4,1,104.88,4.761904762,5.244,6.1,1
434-35-9162,1,0,1,2,23.34,4,4.668,98.028,2,4,2019,18,53,2,93.36,4.761904762,4.668,7.4,1
211-05-0490,2,1,0,0,51.92,5,12.98,272.58,3,3,2019,13,42,0,259.6,4.761904762,12.98,7.5,1
176-64-7711,1,0,1,2,32.32,3,4.848,101.808,3,27,2019,19,11,1,96.96,4.761904762,4.848,4.3,0
662-47-5456,2,1,1,1,35.19,10,17.595,369.495,3,17,2019,19,6,1,351.9,4.761904762,17.595,8.4,1
442-44-6497,2,1,1,4,55.57,3,8.3355,175.0455,1,8,2019,11,42,1,166.71,4.761904762,8.3355,5.9,1
234-03-4040,1,0,0,2,73.05,10,36.525,767.025,3,3,2019,12,25,1,730.5,4.761904762,36.525,8.7,1
767-54-1907,1,0,0,1,29.56,5,7.39,155.19,2,13,2019,16,59,0,147.8,4.761904762,7.39,6.9,1
303-96-2227,1,0,0,4,97.38,10,48.69,1022.49,3,2,2019,17,16,2,973.8,4.761904762,48.69,4.4,0
499-27-7781,1,0,0,2,53.21,8,21.284,446.964,3,14,2019,16,45,2,425.68,4.761904762,21.284,5.0,0
152-03-4217,1,0,0,4,11.28,9,5.0760000000000005,106.596,3,17,2019,11,55,1,101.52,4.761904762,5.0760000000000005,4.3,0
731-14-2199,0,2,0,4,35.54,10,17.77,373.17,1,4,2019,13,34,2,355.4,4.761904762,17.77,7.0,1
542-41-0513,1,0,0,0,57.49,4,11.498,241.458,3,15,2019,11,57,0,229.96,4.761904762,11.498,6.6,1
275-28-0149,0,2,1,5,63.69,1,3.1845,66.8745,2,25,2019,16,21,0,63.69,4.761904762,3.1845,6.0,0
356-44-8813,1,0,1,4,37.48,3,5.622000000000001,118.062,1,20,2019,13,45,1,112.44,4.761904762,5.622000000000001,7.7,0
299-29-0180,1,0,0,4,52.18,7,18.263,383.523,3,9,2019,10,54,0,365.26,4.761904762,18.263,9.3,1
651-61-0874,2,1,1,4,46.22,4,9.244,194.124,3,12,2019,20,4,1,184.88,4.761904762,9.244,6.2,0
191-29-0321,1,0,0,1,19.77,10,9.885,207.585,2,27,2019,18,57,1,197.7,4.761904762,9.885,5.0,1
485-30-8700,0,2,0,5,33.26,5,8.315,174.615,3,18,2019,16,10,1,166.3,4.761904762,8.315,4.2,0
186-43-8965,0,2,0,4,47.68,2,4.768,100.128,2,24,2019,10,10,1,95.36,4.761904762,4.768,4.1,1
759-98-4285,2,1,0,3,85.87,7,30.0545,631.1445,2,27,2019,19,1,1,601.09,4.761904762,30.0545,8.0,1
704-48-3927,0,2,1,0,88.67,10,44.335,931.035,1,12,2019,14,50,2,886.7,4.761904762,44.335,7.3,1
698-98-5964,0,2,0,2,81.21,10,40.605,852.705,1,17,2019,13,1,1,812.1,4.761904762,40.605,6.3,0
596-42-3999,1,0,1,2,18.22,7,6.377000000000002,133.917,3,10,2019,14,4,1,127.54,4.761904762,6.377000000000002,6.6,0
226-31-3081,2,1,0,0,15.28,5,3.82,80.22,3,8,2019,10,29,0,76.4,4.761904762,3.82,9.6,0
361-85-2571,0,2,0,5,89.48,5,22.37,469.77,3,30,2019,10,18,0,447.4,4.761904762,22.37,7.4,0
139-32-4183,0,2,0,5,97.48,9,43.86600000000001,921.186,3,14,2019,14,19,2,877.32,4.761904762,43.86600000000001,7.4,1
866-99-7614,2,1,1,2,89.2,10,44.6,936.6,2,11,2019,15,42,1,892.0,4.761904762,44.6,4.4,0
870-72-4431,2,1,0,3,99.19,6,29.757,624.8969999999998,1,21,2019,14,42,1,595.14,4.761904762,29.757,5.5,0
749-24-1565,0,2,0,3,23.03,9,10.3635,217.6335,1,3,2019,12,2,2,207.27,4.761904762,10.3635,7.9,0
183-56-6882,2,1,0,2,99.42,4,19.884,417.564,2,6,2019,10,42,2,397.68,4.761904762,19.884,7.5,1
120-54-2248,1,0,0,2,28.86,5,7.215,151.515,1,22,2019,18,8,1,144.3,4.761904762,7.215,8.0,0
291-21-5991,1,0,1,3,61.29,5,15.3225,321.7725,3,29,2019,14,28,0,306.45,4.761904762,15.3225,7.0,1
650-98-6268,1,0,0,2,20.87,3,3.1305,65.7405,3,20,2019,13,53,1,62.61,4.761904762,3.1305,8.0,1
187-83-5490,0,2,1,0,20.77,4,4.154,87.234,1,31,2019,13,47,0,83.08,4.761904762,4.154,4.7,1
122-61-9553,2,1,0,0,51.32,9,23.094,484.974,3,14,2019,19,33,0,461.88,4.761904762,23.094,5.6,0
225-32-0908,2,1,0,5,44.86,10,22.43,471.03,1,26,2019,19,54,2,448.6,4.761904762,22.43,8.2,0
374-17-3652,1,0,0,2,42.82,9,19.269,404.649,2,5,2019,15,26,1,385.38,4.761904762,19.269,8.9,1
409-49-6995,2,1,0,2,47.27,6,14.181,297.801,2,5,2019,10,17,0,283.62,4.761904762,14.181,8.8,1
514-37-2845,1,0,1,1,99.25,2,9.925,208.425,3,20,2019,13,2,0,198.5,4.761904762,9.925,9.0,0
135-84-8019,0,2,0,1,77.93,9,35.0685,736.4385,2,27,2019,16,10,2,701.37,4.761904762,35.0685,7.6,0
102-77-2261,2,1,1,3,65.31,7,22.8585,480.0285,3,5,2019,18,2,1,457.17,4.761904762,22.8585,4.2,1
448-81-5016,0,2,1,3,59.77,2,5.977,125.517,3,11,2019,12,1,1,119.54,4.761904762,5.977,5.8,0
252-56-2699,0,2,1,2,43.19,10,21.595,453.495,2,7,2019,16,48,2,431.9,4.761904762,21.595,8.2,0
174-36-3675,2,1,1,2,99.37,2,9.937,208.677,2,14,2019,17,29,0,198.74,4.761904762,9.937,5.2,1
219-61-4139,2,1,1,0,83.08,1,4.154,87.234,1,23,2019,17,16,2,83.08,4.761904762,4.154,6.4,0
725-56-0833,0,2,0,3,32.32,10,16.16,339.36,2,20,2019,16,49,1,323.2,4.761904762,16.16,10.0,0
633-91-1052,0,2,0,4,12.03,2,1.203,25.263,1,27,2019,15,51,0,24.06,4.761904762,1.203,5.1,0
234-65-2137,2,1,1,4,95.58,10,47.79,1003.59,1,16,2019,13,32,0,955.8,4.761904762,47.79,4.8,0
497-36-0989,0,2,1,1,51.94,3,7.791,163.611,2,15,2019,15,21,0,155.82,4.761904762,7.791,7.9,0
745-74-0715,0,2,1,0,58.03,2,5.803,121.863,3,10,2019,20,46,2,116.06,4.761904762,5.803,8.8,0
778-89-7974,2,1,1,3,70.21,6,21.063,442.323,3,30,2019,14,58,0,421.26,4.761904762,21.063,7.4,0
869-11-3082,1,0,1,3,96.16,4,19.232,403.872,1,27,2019,20,3,1,384.64,4.761904762,19.232,8.4,1
493-65-6248,2,1,0,5,36.98,10,18.49,388.29,1,1,2019,19,48,1,369.8,4.761904762,18.49,7.0,1
728-47-9078,2,1,1,2,59.59,4,11.918,250.278,1,19,2019,12,46,0,238.36,4.761904762,11.918,9.8,1
511-54-3087,1,0,1,5,88.45,1,4.4225,92.8725,2,25,2019,16,36,1,88.45,4.761904762,4.4225,9.5,0
636-17-0325,1,0,1,3,62.57,4,12.514,262.79400000000004,2,25,2019,18,37,0,250.28,4.761904762,12.514,9.5,0
217-58-1179,0,2,1,4,62.65,4,12.53,263.13,1,5,2019,11,25,0,250.6,4.761904762,12.53,4.2,1
718-57-9773,2,1,0,5,49.33,10,24.665,517.965,2,3,2019,16,40,1,493.3,4.761904762,24.665,9.4,0
154-87-7367,2,1,1,4,65.26,8,26.104,548.184,3,15,2019,14,4,2,522.08,4.761904762,26.104,6.3,0
134-54-4720,1,0,0,0,42.42,8,16.968,356.3280000000001,1,30,2019,13,58,2,339.36,4.761904762,16.968,5.7,0
767-97-4650,1,0,0,5,64.83,2,6.483,136.143,1,8,2019,11,59,1,129.66,4.761904762,6.483,8.0,1
593-65-1552,2,1,0,4,69.81,4,13.962,293.202,1,28,2019,20,50,1,279.24,4.761904762,13.962,5.9,0
307-04-2070,0,2,0,1,30.62,1,1.531,32.151,2,5,2019,14,14,1,30.62,4.761904762,1.531,4.1,1
751-41-9720,2,1,1,4,97.5,10,48.75,1023.75,1,12,2019,16,18,2,975.0,4.761904762,48.75,8.0,0
502-05-1910,0,2,1,3,65.18,3,9.777,205.317,2,25,2019,20,35,1,195.54,4.761904762,9.777,6.3,0
320-85-2052,1,0,0,5,34.81,1,1.7405,36.5505,1,14,2019,10,11,1,34.81,4.761904762,1.7405,7.0,0
347-72-6115,1,0,0,5,90.74,7,31.759,666.939,1,16,2019,18,3,1,635.18,4.761904762,31.759,6.2,1
817-48-8732,0,2,0,4,72.35,10,36.175,759.675,1,20,2019,15,55,0,723.5,4.761904762,36.175,5.4,1
676-39-6028,0,2,0,0,64.44,5,16.11,338.31,3,30,2019,17,4,0,322.2,4.761904762,16.11,6.6,1
174-75-0888,1,0,1,0,21.58,9,9.711,203.931,3,14,2019,12,32,0,194.22,4.761904762,9.711,7.3,0
770-42-8960,1,0,1,2,21.12,8,8.448,177.408,1,1,2019,19,31,0,168.96,4.761904762,8.448,6.3,0
664-14-2882,2,1,0,4,10.53,5,2.6325,55.2825,1,30,2019,14,43,1,52.65,4.761904762,2.6325,5.8,1
883-17-4236,2,1,0,5,14.39,2,1.439,30.219,3,2,2019,19,44,1,28.78,4.761904762,1.439,7.2,0
371-85-5789,1,0,1,3,87.98,3,13.197,277.137,3,5,2019,10,40,2,263.94,4.761904762,13.197,5.1,0
423-64-4619,0,2,0,3,15.55,9,6.9975,146.9475,3,7,2019,13,12,0,139.95,4.761904762,6.9975,5.0,1
729-46-7422,2,1,1,2,35.89,1,1.7945,37.6845,2,23,2019,16,52,1,35.89,4.761904762,1.7945,7.9,0
894-41-5205,2,1,0,2,43.18,8,17.272000000000002,362.712,1,19,2019,19,39,1,345.44,4.761904762,17.272000000000002,8.3,0
526-86-8552,2,1,0,4,21.82,10,10.91,229.11,1,7,2019,17,36,0,218.2,4.761904762,10.91,7.1,1
846-10-0341,0,2,0,1,42.57,7,14.8995,312.8895,1,6,2019,11,51,0,297.99,4.761904762,14.8995,6.8,0
437-58-8131,1,0,0,1,73.52,2,7.352,154.392,1,15,2019,13,41,2,147.04,4.761904762,7.352,4.6,0
525-88-7307,1,0,1,5,75.82,1,3.791,79.611,1,31,2019,13,19,0,75.82,4.761904762,3.791,5.8,1
220-68-6701,0,2,0,4,77.47,4,15.494000000000002,325.374,3,17,2019,16,36,0,309.88,4.761904762,15.494000000000002,4.2,0
696-90-2548,0,2,1,5,25.84,3,3.876,81.396,3,10,2019,18,55,2,77.52,4.761904762,3.876,6.6,0
510-09-5628,0,2,0,1,19.66,10,9.83,206.43,3,15,2019,18,20,1,196.6,4.761904762,9.83,7.2,1
416-13-5917,2,1,0,2,97.03,5,24.2575,509.4075,1,30,2019,16,24,2,485.15,4.761904762,24.2575,9.3,0
886-54-6089,0,2,0,4,11.43,6,3.429,72.009,1,15,2019,17,24,0,68.58,4.761904762,3.429,7.7,0
512-98-1403,0,2,0,0,26.48,3,3.972,83.412,3,21,2019,10,40,2,79.44,4.761904762,3.972,4.7,1
842-29-4695,2,1,1,5,17.14,7,5.999,125.979,1,16,2019,12,7,1,119.98,4.761904762,5.999,7.9,1
191-10-6171,1,0,0,1,39.62,7,13.867,291.207,1,25,2019,13,18,0,277.34,4.761904762,13.867,7.5,0
641-51-2661,2,1,0,2,87.1,10,43.55,914.55,2,12,2019,14,45,1,871.0,4.761904762,43.55,9.9,1
584-66-4073,2,1,1,1,56.5,1,2.825,59.325,3,13,2019,15,45,2,56.5,4.761904762,2.825,9.6,0
733-01-9107,1,0,1,4,82.7,6,24.81,521.01,3,5,2019,18,14,0,496.2,4.761904762,24.81,7.4,0
730-70-9830,2,1,0,4,70.11,6,21.033,441.693,3,14,2019,17,54,2,420.66,4.761904762,21.033,5.2,0
633-44-8566,0,2,1,2,49.38,7,17.283,362.943,3,27,2019,20,35,1,345.66,4.761904762,17.283,7.3,1
325-90-8763,2,1,0,0,46.57,10,23.285,488.985,1,27,2019,13,58,0,465.7,4.761904762,23.285,7.6,1
868-81-1752,1,0,1,4,22.02,9,9.909,208.08900000000003,2,7,2019,18,48,0,198.18,4.761904762,9.909,6.8,0
891-58-8335,1,0,0,5,29.61,7,10.3635,217.6335,3,11,2019,15,53,0,207.27,4.761904762,10.3635,6.5,1
440-59-5691,2,1,0,3,37.15,7,13.0025,273.0525,2,8,2019,13,12,1,260.05,4.761904762,13.0025,7.7,1
659-36-1684,2,1,1,5,57.12,7,19.992,419.832,1,12,2019,12,2,1,399.84,4.761904762,19.992,6.5,1
443-59-0061,0,2,1,2,67.45,10,33.725,708.225,2,3,2019,11,25,2,674.5,4.761904762,33.725,4.2,1
300-71-4605,2,1,1,0,86.04,5,21.51,451.71,2,25,2019,11,24,2,430.2,4.761904762,21.51,4.8,1
626-43-7888,2,1,0,1,60.41,8,24.164,507.444,2,7,2019,12,23,2,483.28,4.761904762,24.164,9.6,0
796-12-2025,2,1,1,1,62.12,10,31.06,652.26,2,11,2019,16,19,0,621.2,4.761904762,31.06,5.9,0
628-34-3388,2,1,1,1,27.38,6,8.214,172.49400000000003,1,5,2019,20,54,1,164.28,4.761904762,8.214,7.9,0
783-09-1637,1,0,0,5,67.43,5,16.8575,354.0075,3,6,2019,18,13,2,337.15,4.761904762,16.8575,6.3,0
848-95-6252,2,1,0,4,86.27,1,4.3135,90.5835,2,20,2019,13,24,2,86.27,4.761904762,4.3135,7.0,1
751-69-0068,2,1,1,5,99.24,9,44.658,937.818,3,19,2019,19,9,2,893.16,4.761904762,44.658,9.0,0
551-21-3069,2,1,0,0,23.07,9,10.3815,218.0115,2,1,2019,11,27,0,207.63,4.761904762,10.3815,4.9,0
